INSERT INTO `nideshop_address` VALUES (7, 25, '周晓明', '13511421544', NULL, NULL, '广东省', '广州市', '海珠区', '姬棠', 1);
INSERT INTO `nideshop_address` VALUES (9, 28, '测试', '15912222222', NULL, NULL, '广东省', '韶关市', '浈江区', '测试', 0);
INSERT INTO `nideshop_address` VALUES (10, 28, '测试', '13588888888', NULL, NULL, '北京市', '市辖区', '东城区', '测试', 1);
INSERT INTO `nideshop_address` VALUES (11, 24, '一', '13632424155', NULL, NULL, '北京市', '市辖区', '西城区', '7楼', 0);
INSERT INTO `nideshop_address` VALUES (12, 27, '1', '18845454544', NULL, NULL, '天津市', '市辖区', '和平区', '1', 0);
INSERT INTO `nideshop_address` VALUES (13, 27, '1', '14545454545', NULL, NULL, '天津市', '市辖区', '和平区', '1', 0);
INSERT INTO `nideshop_address` VALUES (14, 27, '1', '18888888888', NULL, NULL, '北京市', '市辖区', '东城区', '1', 0);
INSERT INTO `nideshop_address` VALUES (15, 28, 'R测试', '15885580888', NULL, NULL, '天津市', '市辖区', '和平区', '测试', 0);
INSERT INTO `nideshop_address` VALUES (16, 28, 'R测试', '15885580888', NULL, NULL, '天津市', '市辖区', '和平区', '测试', 0);
INSERT INTO `nideshop_address` VALUES (17, 24, '在', '13632424155', NULL, NULL, '天津市', '市辖区', '和平区', '我', 0);


INSERT INTO `nideshop_attribute` VALUES (1, 1008009, '材质', 1, '', 0);
INSERT INTO `nideshop_attribute` VALUES (2, 1008009, '适用床尺寸', 1, '', 0);
INSERT INTO `nideshop_attribute` VALUES (3, 1008009, '件数', 1, '', 0);
INSERT INTO `nideshop_attribute` VALUES (4, 1008009, '工艺', 1, '', 0);
INSERT INTO `nideshop_attribute` VALUES (5, 1008009, '执行标准', 1, '', 0);
INSERT INTO `nideshop_attribute` VALUES (6, 1008009, '产地', 1, '', 0);
INSERT INTO `nideshop_attribute` VALUES (7, 1008009, '温馨提示', 1, '', 0);
INSERT INTO `nideshop_attribute` VALUES (8, 1008008, '填充物重量', 1, '', 0);
INSERT INTO `nideshop_attribute` VALUES (9, 1008008, '尺寸', 1, '', 0);
INSERT INTO `nideshop_attribute` VALUES (10, 1008008, '面料', 1, '', 0);
INSERT INTO `nideshop_attribute` VALUES (11, 1008008, '填充物', 1, '', 0);
INSERT INTO `nideshop_attribute` VALUES (12, 1008008, '填充成分', 1, '', 0);
INSERT INTO `nideshop_attribute` VALUES (13, 1008008, '面料成分', 1, '', 0);
INSERT INTO `nideshop_attribute` VALUES (14, 1008008, '含绒量', 1, '', 0);
INSERT INTO `nideshop_attribute` VALUES (15, 1008008, '重量', 1, '', 0);
INSERT INTO `nideshop_attribute` VALUES (16, 1008002, '规格', 1, '', 0);
INSERT INTO `nideshop_attribute` VALUES (17, 1008002, '外套材质', 1, '', 0);
INSERT INTO `nideshop_attribute` VALUES (18, 1008002, '内胆材质', 1, '', 0);
INSERT INTO `nideshop_attribute` VALUES (19, 1008002, '*温馨提示', 1, '', 0);
INSERT INTO `nideshop_attribute` VALUES (20, 1036000, '安全技术', 1, '', 0);
INSERT INTO `nideshop_attribute` VALUES (21, 1036000, '产品等级', 1, '', 0);
INSERT INTO `nideshop_attribute` VALUES (22, 1008002, '面料成份', 1, '', 0);
INSERT INTO `nideshop_attribute` VALUES (23, 1008002, '内芯面料', 1, '', 0);
INSERT INTO `nideshop_attribute` VALUES (24, 1008008, '颜色', 1, '', 0);
INSERT INTO `nideshop_attribute` VALUES (25, 1008008, '适用人数', 1, '', 0);
INSERT INTO `nideshop_attribute` VALUES (26, 1008009, '安全类别', 1, '', 0);
INSERT INTO `nideshop_attribute` VALUES (27, 1008009, '根数', 1, '', 0);
INSERT INTO `nideshop_attribute` VALUES (28, 1036000, '安全技术类别', 1, '', 0);
INSERT INTO `nideshop_attribute` VALUES (29, 1036000, '克重', 1, '', 0);
INSERT INTO `nideshop_attribute` VALUES (30, 1008008, '外层面料', 1, '', 0);
INSERT INTO `nideshop_attribute` VALUES (31, 1008008, '里层面料', 1, '', 0);
INSERT INTO `nideshop_attribute` VALUES (32, 1008008, '内芯', 1, '', 0);
INSERT INTO `nideshop_attribute` VALUES (33, 1008008, '外用面料', 1, '', 0);
INSERT INTO `nideshop_attribute` VALUES (34, 1008008, '商品重量', 1, '', 0);
INSERT INTO `nideshop_attribute` VALUES (35, 1008002, '坐垫外层面料', 1, '', 0);
INSERT INTO `nideshop_attribute` VALUES (36, 1008002, '坐垫内芯材料', 1, '', 0);
INSERT INTO `nideshop_attribute` VALUES (37, 1008002, '方形尺寸', 1, '', 0);
INSERT INTO `nideshop_attribute` VALUES (38, 1008002, '圆形尺寸', 1, '', 0);
INSERT INTO `nideshop_attribute` VALUES (39, 1008002, '坐垫套面料', 1, '', 0);
INSERT INTO `nideshop_attribute` VALUES (40, 1008009, '安全及时', 1, '', 0);
INSERT INTO `nideshop_attribute` VALUES (41, 1008002, '填充克重', 1, '', 0);
INSERT INTO `nideshop_attribute` VALUES (42, 1017000, '产品标准', 1, '', 0);
INSERT INTO `nideshop_attribute` VALUES (43, 1008016, '额定电压', 1, '', 0);
INSERT INTO `nideshop_attribute` VALUES (44, 1008016, '型号', 1, '', 0);
INSERT INTO `nideshop_attribute` VALUES (45, 1008008, '厚度', 1, '', 0);
INSERT INTO `nideshop_attribute` VALUES (46, 1036000, '印染工艺', 1, '', 0);
INSERT INTO `nideshop_attribute` VALUES (47, 1017000, '配色', 1, '', 0);
INSERT INTO `nideshop_attribute` VALUES (48, 1017000, '材料', 1, '', 0);
INSERT INTO `nideshop_attribute` VALUES (49, 1008008, '面料参数', 1, '', 0);
INSERT INTO `nideshop_attribute` VALUES (50, 1011004, '鲜花', 1, '', 0);
INSERT INTO `nideshop_attribute` VALUES (51, 1011004, '朵数', 1, '', 0);
INSERT INTO `nideshop_attribute` VALUES (52, 1011004, '花材种植地', 1, '', 0);
INSERT INTO `nideshop_attribute` VALUES (53, 1011004, '鲜花主材', 1, '', 0);
INSERT INTO `nideshop_attribute` VALUES (54, 1011004, '鲜花辅材', 1, '', 0);
INSERT INTO `nideshop_attribute` VALUES (55, 1017000, '搭扣', 1, '', 0);
INSERT INTO `nideshop_attribute` VALUES (56, 1017000, '拉带规格', 1, '', 0);
INSERT INTO `nideshop_attribute` VALUES (57, 1017000, '颈圈规格', 1, '', 0);
INSERT INTO `nideshop_attribute` VALUES (58, 1017000, '颈圈', 1, '', 0);
INSERT INTO `nideshop_attribute` VALUES (59, 1017000, '拉带', 1, '', 0);
INSERT INTO `nideshop_attribute` VALUES (60, 1017000, '颈圈尺寸', 1, '', 0);
INSERT INTO `nideshop_attribute` VALUES (61, 1017000, '拉带尺寸', 1, '', 0);
INSERT INTO `nideshop_attribute` VALUES (62, 1008008, '外套', 1, '', 0);
INSERT INTO `nideshop_attribute` VALUES (63, 1011004, '长度', 1, '', 0);
INSERT INTO `nideshop_attribute` VALUES (64, 1011004, '花草种类', 1, '', 0);
INSERT INTO `nideshop_attribute` VALUES (65, 1011004, '数量', 1, '', 0);
INSERT INTO `nideshop_attribute` VALUES (66, 1015000, '涂漆', 1, '', 0);
INSERT INTO `nideshop_attribute` VALUES (67, 1015000, '产品尺寸', 1, '', 0);
INSERT INTO `nideshop_attribute` VALUES (68, 1015000, '安装方式', 1, '', 0);
INSERT INTO `nideshop_attribute` VALUES (69, 1017000, '规格尺寸', 1, '', 0);
INSERT INTO `nideshop_attribute` VALUES (70, 1011004, '机芯', 1, '', 0);
INSERT INTO `nideshop_attribute` VALUES (71, 1011004, '能源', 1, '', 0);
INSERT INTO `nideshop_attribute` VALUES (72, 1011004, '机芯类型', 1, '', 0);
INSERT INTO `nideshop_attribute` VALUES (73, 1015000, '框架材质', 1, '', 0);
INSERT INTO `nideshop_attribute` VALUES (74, 1015000, '是否组装', 1, '', 0);
INSERT INTO `nideshop_attribute` VALUES (75, 1011004, 'USB线长', 1, '', 0);
INSERT INTO `nideshop_attribute` VALUES (76, 1017000, '承重范围', 1, '', 0);
INSERT INTO `nideshop_attribute` VALUES (77, 1011004, '花材', 1, '', 0);
INSERT INTO `nideshop_attribute` VALUES (78, 1011004, '附加功能', 1, '', 0);
INSERT INTO `nideshop_attribute` VALUES (79, 1015000, '主体材质', 1, '', 0);
INSERT INTO `nideshop_attribute` VALUES (80, 1015000, '躺椅尺寸', 1, '', 0);
INSERT INTO `nideshop_attribute` VALUES (81, 1015000, '脚蹬尺寸', 1, '', 0);
INSERT INTO `nideshop_attribute` VALUES (82, 1015000, '*特别提醒', 1, '', 0);
INSERT INTO `nideshop_attribute` VALUES (83, 1015000, '椅身材质', 1, '', 0);
INSERT INTO `nideshop_attribute` VALUES (84, 1015000, '扶手材质', 1, '', 0);
INSERT INTO `nideshop_attribute` VALUES (85, 1015000, '椅轮', 1, '', 0);
INSERT INTO `nideshop_attribute` VALUES (86, 1015000, '气杆', 1, '', 0);
INSERT INTO `nideshop_attribute` VALUES (87, 1011004, '摆件类型', 1, '', 0);
INSERT INTO `nideshop_attribute` VALUES (88, 1008008, '弹簧结构特征', 1, '', 0);
INSERT INTO `nideshop_attribute` VALUES (89, 1008008, '使用场所', 1, '', 0);
INSERT INTO `nideshop_attribute` VALUES (90, 1008008, '主要原材料', 1, '', 0);
INSERT INTO `nideshop_attribute` VALUES (91, 1008008, '辅料', 1, '', 0);
INSERT INTO `nideshop_attribute` VALUES (92, 1008008, '高度', 1, '', 0);
INSERT INTO `nideshop_attribute` VALUES (93, 1008008, '配送范围', 1, '', 0);
INSERT INTO `nideshop_attribute` VALUES (94, 1008002, '填充物克重', 1, '', 0);
INSERT INTO `nideshop_attribute` VALUES (95, 1008002, '备注', 1, '', 0);
INSERT INTO `nideshop_attribute` VALUES (96, 1036000, '鞣制方式', 1, '', 0);
INSERT INTO `nideshop_attribute` VALUES (97, 1017000, '产品材质', 1, '', 0);
INSERT INTO `nideshop_attribute` VALUES (98, 1017000, '产品净重', 1, '', 0);
INSERT INTO `nideshop_attribute` VALUES (99, 1017000, '产品毛重', 1, '', 0);
INSERT INTO `nideshop_attribute` VALUES (100, 1008002, '物理遮光率', 1, '', 0);
INSERT INTO `nideshop_attribute` VALUES (101, 1008002, '物理遮光性', 1, '', 0);
INSERT INTO `nideshop_attribute` VALUES (102, 1008008, '重要提醒', 1, '', 0);

INSERT INTO `nideshop_attribute_category` VALUES (1008002, '布艺软装', 1);
INSERT INTO `nideshop_attribute_category` VALUES (1008008, '被枕', 1);
INSERT INTO `nideshop_attribute_category` VALUES (1008009, '床品件套', 1);
INSERT INTO `nideshop_attribute_category` VALUES (1008016, '灯具', 1);
INSERT INTO `nideshop_attribute_category` VALUES (1011004, '家饰', 1);
INSERT INTO `nideshop_attribute_category` VALUES (1015000, '家具', 1);
INSERT INTO `nideshop_attribute_category` VALUES (1017000, '宠物', 1);
INSERT INTO `nideshop_attribute_category` VALUES (1036000, '夏凉', 1);


INSERT INTO `nideshop_brand` VALUES (1001000, 'MUJI制造商', 'http://yanxuan.nosdn.127.net/1541445967645114dd75f6b0edc4762d.png', '严选精选了MUJI制造商和生产原料，\n用几乎零利润的价格，剔除品牌溢价，\n让用户享受原品牌的品质生活。', 'http://yanxuan.nosdn.127.net/4ea3f1e60dd77c45c218e503d721a1ed.jpg', 2, 1, 12.90, 'http://yanxuan.nosdn.127.net/1541445967645114dd75f6b0edc4762d.png', 1, 'http://yanxuan.nosdn.127.net/4ea3f1e60dd77c45c218e503d721a1ed.jpg', 2);
INSERT INTO `nideshop_brand` VALUES (1001002, '内野制造商', 'http://yanxuan.nosdn.127.net/8ca3ce091504f8aa1fba3fdbb7a6e351.png', '严选从世界各地挑选毛巾，最终选择了为日本内野代工的工厂，追求毛巾的柔软度与功能性。品质比肩商场几百元的毛巾。', 'http://yanxuan.nosdn.127.net/e50654982984206b54e9226e5ab7f90c.jpg', 10, 1, 29.00, 'http://yanxuan.nosdn.127.net/8ca3ce091504f8aa1fba3fdbb7a6e351.png', 0, '', 10);
INSERT INTO `nideshop_brand` VALUES (1001003, 'Adidas制造商', 'http://yanxuan.nosdn.127.net/335334d0deaff6dc3376334822ab3a2f.png', '严选找到为Adidas等品牌制造商，\n选取优质原材料，与厂方一起设计，\n为你提供好的理想的运动装备。', 'http://yanxuan.nosdn.127.net/6f954ea8cee30e161dda048ffbfd950f.png', 30, 1, 49.00, 'http://yanxuan.nosdn.127.net/335334d0deaff6dc3376334822ab3a2f.png', 0, '', 10);
INSERT INTO `nideshop_brand` VALUES (1001007, '优衣库制造商', 'http://yanxuan.nosdn.127.net/0d72832e37e7e3ea391b519abbbc95a3.png', '严选找到日本知名服装UNIQLO的制造商，\n选取优质长绒棉和精梳工艺，\n与厂方一起设计，为你提供理想的棉袜。', 'http://yanxuan.nosdn.127.net/f3d196c03f8aac5625faba00d670ee03.jpg', 12, 1, 29.00, 'http://yanxuan.nosdn.127.net/0d72832e37e7e3ea391b519abbbc95a3.png', 0, '', 10);
INSERT INTO `nideshop_brand` VALUES (1001008, '膳魔师制造商', 'http://yanxuan.nosdn.127.net/5fd51e29b9459dae7df8040c8219f241.png', '严选深入保温行业内部，\n找到德国膳魔师制造商的代工厂。\n同样的品质，却有更优的价格。', 'http://yanxuan.nosdn.127.net/c4ab88f475e375c5748fa13d8bf2858d.png', 40, 1, 45.00, 'http://yanxuan.nosdn.127.net/5fd51e29b9459dae7df8040c8219f241.png', 0, '', 10);
INSERT INTO `nideshop_brand` VALUES (1001010, '星巴克制造商', 'http://yanxuan.nosdn.127.net/5668bc50f2f2e551891044525710dc84.png', '严选寻访全国保温杯制造企业，\n最终找到高端咖啡品牌星巴克的制造商，\n专注保温杯生产20年，品质与颜值兼备。', 'http://yanxuan.nosdn.127.net/2433b04ea9d7adda1d2e834786872237.jpg', 34, 1, 39.00, 'http://yanxuan.nosdn.127.net/5668bc50f2f2e551891044525710dc84.png', 0, '', 10);
INSERT INTO `nideshop_brand` VALUES (1001012, 'Wedgwood制造商', 'http://yanxuan.nosdn.127.net/68940e8e23f96dbeb3548d943d83d5e4.png', '严选寻访英国皇室御用陶瓷Wedgwood制造商，\n制模到成品，历经25道工序、7次检验、3次烧制，\n你看不见的地方，我们也在坚持。', 'http://yanxuan.nosdn.127.net/6d6124123311f85903a8bc864d37464c.jpg', 21, 1, 39.00, 'http://yanxuan.nosdn.127.net/68940e8e23f96dbeb3548d943d83d5e4.png', 0, '', 10);
INSERT INTO `nideshop_brand` VALUES (1001013, 'Royal Doulton制造商', 'http://yanxuan.nosdn.127.net/0de643a02043fd9680b11e21c452adaa.png', '严选深入英国最大骨瓷品牌Royal Doulton制造商， \n顶级英国瓷器的代名词，广受世界皇室喜爱。\n每件瓷器，都有自己的故事。', 'http://yanxuan.nosdn.127.net/0e8311d2246e5643c622743d9684f235.jpg', 47, 1, 24.90, 'http://yanxuan.nosdn.127.net/0de643a02043fd9680b11e21c452adaa.png', 0, '', 10);
INSERT INTO `nideshop_brand` VALUES (1001015, '日本KEYUCA制造商', 'http://yanxuan.nosdn.127.net/9b85b45f23da558be101dbcc273b1d6d.png', 'KEYUCA是日本餐具及料理用具品牌，\n遵循极简原木风，高端餐具体验。\n严选的餐具正是来自这一品牌制造商。', 'http://yanxuan.nosdn.127.net/d91db0c68c50cd109c16f0ad1427ed0b.jpg', 49, 1, 14.90, 'http://yanxuan.nosdn.127.net/9b85b45f23da558be101dbcc273b1d6d.png', 0, '', 10);
INSERT INTO `nideshop_brand` VALUES (1001016, '爱慕制造商', 'http://yanxuan.nosdn.127.net/5104f84110eac111968c63c18ebd62c0.png', '150家样品比对筛选，20家工厂深入走访，\n严选最终选定高端内衣爱慕制造商，\n20年品质保证，为你打造天然舒适的衣物。', 'http://yanxuan.nosdn.127.net/833104a2ac047faccd90cc6b98ccf4be.jpg', 9, 1, 35.00, 'http://yanxuan.nosdn.127.net/5104f84110eac111968c63c18ebd62c0.png', 0, '', 10);
INSERT INTO `nideshop_brand` VALUES (1001020, 'Ralph Lauren制造商', 'http://yanxuan.nosdn.127.net/9df78eb751eae2546bd3ee7e61c9b854.png', '我们与Ralph Lauren Home的制造商成功接洽，掌握先进的生产设备，传承品牌工艺和工序。追求生活品质的你，值得拥有。', 'http://yanxuan.nosdn.127.net/089e4066f0c2bc6b062d17c6292735dc.png', 20, 1, 29.00, 'http://yanxuan.nosdn.127.net/9df78eb751eae2546bd3ee7e61c9b854.png', 0, '', 10);
INSERT INTO `nideshop_brand` VALUES (1001037, '新秀丽制造商', 'http://yanxuan.nosdn.127.net/80dce660938931956ee9a3a2b111bd37.jpg', '严选为制作品质与颜值兼具的箱包，\n选定新秀丽、CK、Ricardo等品牌合作的制造商，\n拥有国内先进流水线20余条，实力保障品质。', 'http://yanxuan.nosdn.127.net/af5719e20bdbd214a9ce7d961e9031c5.png', 5, 1, 59.00, 'http://yanxuan.nosdn.127.net/80dce660938931956ee9a3a2b111bd37.jpg', 0, '', 10);
INSERT INTO `nideshop_brand` VALUES (1001038, 'Coach制造商', 'http://yanxuan.nosdn.127.net/1b1cc16135fd8467d40983f75f644127.png', '严选为制作高品质高颜值皮具配件，\n由Coach、MK等品牌制造商生产，\n由严选360度全程监制，给你带来优质皮具。', 'http://yanxuan.nosdn.127.net/c933a662bb79b2a47280363e35ab994b.png', 3, 1, 49.00, 'http://yanxuan.nosdn.127.net/1b1cc16135fd8467d40983f75f644127.png', 1, 'http://yanxuan.nosdn.127.net/b5cd73d3b310bad02539412f064d4ea1.jpg', 10);
INSERT INTO `nideshop_brand` VALUES (1001039, 'MK制造商', 'http://yanxuan.nosdn.127.net/fc9cd1309374f7707855de80522fb310.jpg', '严选为制造高品质的皮具，\n选择Michael Kors品牌合作的制造工厂，\n18年专业皮具生产经验，手工至美，品质保证。', 'http://yanxuan.nosdn.127.net/c302c82dafcb53ba233aa1e277063a1c.png', 17, 1, 79.00, 'http://yanxuan.nosdn.127.net/fc9cd1309374f7707855de80522fb310.jpg', 0, '', 10);
INSERT INTO `nideshop_brand` VALUES (1001045, '罗莱制造商', 'http://yanxuan.nosdn.127.net/14122a41a4985d23e1a172302ee818e9.png', '严选团队为打造吸湿透气柔软的蚕丝被，\n从蚕茧原材到温感性能，多次甄选测试\n选择罗莱制造商工厂，手工处理，优质舒适。', 'http://yanxuan.nosdn.127.net/a88d8eae6d492492da07eca7616dce42.jpg', 45, 1, 699.00, 'http://yanxuan.nosdn.127.net/14122a41a4985d23e1a172302ee818e9.png', 0, '', 10);
INSERT INTO `nideshop_brand` VALUES (1003000, 'Carters制造商', 'http://yanxuan.nosdn.127.net/efe9131599ced0297213e6ec67eb2174.png', '来自Carters大牌代工厂生产，\n严选纯天然材料，无荧光不添加，\nITS安心标志权威检测，安全护航。', 'http://yanxuan.nosdn.127.net/a3fd78f8cf429a34e1e2ea761466d428.jpg', 41, 1, 19.90, 'http://yanxuan.nosdn.127.net/efe9131599ced0297213e6ec67eb2174.png', 0, '', 10);
INSERT INTO `nideshop_brand` VALUES (1005001, 'Goody制造商', 'http://yanxuan.nosdn.127.net/7c918f37de108f3687d69b39daab34eb.png', '严选深入美国百年发饰品牌Goody制造商，\n确保每把梳子做工精湛，养护头皮。\n戴安娜王妃的最爱，你也能拥有。', 'http://yanxuan.nosdn.127.net/431cd1e6bfca9964f96f1964a8b08ebb.jpg', 48, 1, 39.00, 'http://yanxuan.nosdn.127.net/7c918f37de108f3687d69b39daab34eb.png', 0, '', 10);
INSERT INTO `nideshop_brand` VALUES (1006000, '范思哲制造商', 'http://yanxuan.nosdn.127.net/c80ae035387495a61a4515906205efff.png', '严选找寻意大利奢侈品牌范思哲Versace的制造商，\n致力于为用户带来精致、优雅、时尚的皮包，\n传承独特美感，体验品质生活。', 'http://yanxuan.nosdn.127.net/4e5e9e8cf9ce08f256494321ba4d3c2a.jpg', 18, 1, 99.00, 'http://yanxuan.nosdn.127.net/c80ae035387495a61a4515906205efff.png', 0, '', 10);
INSERT INTO `nideshop_brand` VALUES (1008000, 'WPC制造商', 'http://yanxuan.nosdn.127.net/c4e97cc87186ce17f9316f3ba39e220c.png', '严选寻找日本雨伞品牌W.P.C制造商，\n采用严谨工艺以及环保材料，\n沉淀15年行业经验，打造精致雨具。', 'http://yanxuan.nosdn.127.net/83889aa01e7cf8e0ff605c317a01e55d.jpg', 22, 1, 59.00, 'http://yanxuan.nosdn.127.net/c4e97cc87186ce17f9316f3ba39e220c.png', 0, '', 10);
INSERT INTO `nideshop_brand` VALUES (1010001, '竹宝堂制造商', 'http://yanxuan.nosdn.127.net/61b0b7ae4f0163422009defbceaa41ad.jpg', '严选走访河北、安徽等制刷基地，\n选定竹宝堂、丝芙兰等品牌的制造商，\n严格把关生产与质检，与您一同追求美的生活。', 'http://yanxuan.nosdn.127.net/279cf74ac294e67f7f99cf2d47a1365c.jpg', 39, 1, 29.00, 'http://yanxuan.nosdn.127.net/61b0b7ae4f0163422009defbceaa41ad.jpg', 0, '', 10);
INSERT INTO `nideshop_brand` VALUES (1010002, '资生堂制造商', 'http://yanxuan.nosdn.127.net/5449236b80d1e678dedee2f626cd67c4.png', '发现美，成为美，是女性一生的追求。\n严选找寻资生堂代工厂，打造天然美妆产品，\n致力于带来更多美的体验和享受。', 'http://yanxuan.nosdn.127.net/af464d5281dfbd286dab569a03264a33.jpg', 19, 1, 29.00, 'http://yanxuan.nosdn.127.net/5449236b80d1e678dedee2f626cd67c4.png', 0, '', 10);
INSERT INTO `nideshop_brand` VALUES (1015000, 'NITORI制造商', 'http://yanxuan.nosdn.127.net/6f3d310601b18610553c675e0e14d107.png', '宠物是人类最温情的陪伴，\n严选找寻日本最大家居品牌NITORI制造商，\n每一个脚印，都是为了更好地关怀你的TA', 'http://yanxuan.nosdn.127.net/0657854429c6717e8ace7dcff6a2468b.jpg', 43, 1, 69.00, 'http://yanxuan.nosdn.127.net/6f3d310601b18610553c675e0e14d107.png', 0, '', 10);
INSERT INTO `nideshop_brand` VALUES (1016002, 'HUGO BOSS制造商', 'http://yanxuan.nosdn.127.net/70ada9877b2efa82227437af3231fe50.png', '严选深入德国知名奢侈品HUGO BOSS的制造商，\n开发睡衣、睡袍、休闲裤等轻奢品质家居服，\n希望你在家的每一天都优雅精致。', 'http://yanxuan.nosdn.127.net/888289da7fe200949806eefa069af019.jpg', 11, 1, 45.00, 'http://yanxuan.nosdn.127.net/70ada9877b2efa82227437af3231fe50.png', 0, '', 10);
INSERT INTO `nideshop_brand` VALUES (1018000, 'Sperry制造商', 'http://yanxuan.nosdn.127.net/2eb12d84037346441088267432da31c4.png', '严选团队对比多家硫化鞋制造商产品质量，\n走访多个制鞋工厂，最终选定Sperry品牌制造商，\n为你提供一双舒适有型的高品质帆布鞋。', 'http://yanxuan.nosdn.127.net/952b9f38a729533a058ee88572a370fa.jpg', 32, 1, 199.00, 'http://yanxuan.nosdn.127.net/2eb12d84037346441088267432da31c4.png', 0, '', 10);
INSERT INTO `nideshop_brand` VALUES (1021000, 'Marc Jacobs制造商', 'http://yanxuan.nosdn.127.net/c8dac4eb1a458d778420ba520edab3d0.png', '严选寻访独立设计品牌Marc Jacobs的制造商，\n严格选材，细究纺织与生产的细节，多次打磨，\n初心不忘，为你带来优雅高档的服饰配件。', 'http://yanxuan.nosdn.127.net/ce5762f1fd4bde61b57864e765c605e3.jpg', 24, 1, 69.00, 'http://yanxuan.nosdn.127.net/c8dac4eb1a458d778420ba520edab3d0.png', 0, '', 10);
INSERT INTO `nideshop_brand` VALUES (1022000, 'UGG制造商', 'http://yanxuan.nosdn.127.net/4d2a3dea7e0172ae48e8161f04cfa045.jpg', '为寻找优质的皮毛一体雪地靴，\n严选走访多家雪地靴制造商，对比工艺，\n甄选UGG认可的代工厂，只为足下的优雅舒适。', 'http://yanxuan.nosdn.127.net/efbc6a6044dd07697d2f26bf5033c335.jpg', 29, 1, 59.00, 'http://yanxuan.nosdn.127.net/4d2a3dea7e0172ae48e8161f04cfa045.jpg', 0, '', 10);
INSERT INTO `nideshop_brand` VALUES (1022001, 'Palladium制造商', 'http://yanxuan.nosdn.127.net/3480f2a4026c60eb4921f0aa3facbde8.png', '严选探访多个制鞋大厂，选定Palladium制造商，\n对比工艺选材，找到传承多年的制鞋配方，\n只为制作一款高品质休闲鞋。', 'http://yanxuan.nosdn.127.net/119717ea4459a8fb3185cec4eb80a284.jpg', 31, 1, 249.00, 'http://yanxuan.nosdn.127.net/3480f2a4026c60eb4921f0aa3facbde8.png', 0, '', 10);
INSERT INTO `nideshop_brand` VALUES (1023000, 'PetitBateau小帆船制造商', 'http://yanxuan.nosdn.127.net/1a11438598f1bb52b1741e123b523cb5.jpg', '为打造适合宝宝的婴童服装，\n严选团队寻找PetitBateau小帆船的品牌制造商，\n无荧光剂，国家A类标准，让宝宝穿的放心。', 'http://yanxuan.nosdn.127.net/faad5a05a119b789956e4ce2e26e94ef.jpg', 25, 1, 36.00, 'http://yanxuan.nosdn.127.net/1a11438598f1bb52b1741e123b523cb5.jpg', 0, '', 10);
INSERT INTO `nideshop_brand` VALUES (1024000, 'WMF制造商', 'http://yanxuan.nosdn.127.net/2018e9ac91ec37d9aaf437a1fd5d7070.png', '严选找寻德国百年高端厨具WMF的制造商，\n选择拥有14年经验的不锈钢生产工厂，\n为你甄选事半功倍的优质厨具。', 'http://yanxuan.nosdn.127.net/2a2ae0d49043e525db8d0d8d84460ac8.png', 8, 1, 9.90, 'http://yanxuan.nosdn.127.net/2018e9ac91ec37d9aaf437a1fd5d7070.png', 1, 'http://yanxuan.nosdn.127.net/abcfa79205679db51198adc19c184dd1.jpg', 3);
INSERT INTO `nideshop_brand` VALUES (1024001, 'OBH制造商', 'http://yanxuan.nosdn.127.net/bf3499ac17a11ffb9bb7caa47ebef2dd.png', '严选寻找OBH品牌的制造商，打造精致厨具，\n韩国独资工厂制造，严格质检，品质雕琢\n力求为消费者带来全新的烹饪体验。', 'http://yanxuan.nosdn.127.net/44e14d6ec4db2e6c66b0fde521603f85.jpg', 42, 1, 39.00, 'http://yanxuan.nosdn.127.net/bf3499ac17a11ffb9bb7caa47ebef2dd.png', 0, '', 10);
INSERT INTO `nideshop_brand` VALUES (1024003, 'Stoneline制造商', 'http://yanxuan.nosdn.127.net/3a44ae7db86f3f9b6e542720c54cc349.png', '严选找寻德国经典品牌Stoneline的制造商，\n追踪工艺，考量细节，亲自试用，\n为你甄选出最合心意的锅具和陶瓷刀，下厨如神。', 'http://yanxuan.nosdn.127.net/6dc7eecce99cb8f5ab6d86c76415cbec.png', 28, 1, 9.90, 'http://yanxuan.nosdn.127.net/3a44ae7db86f3f9b6e542720c54cc349.png', 0, '', 10);
INSERT INTO `nideshop_brand` VALUES (1024006, 'KitchenAid制造商', 'http://yanxuan.nosdn.127.net/e11385bf29d1b3949435b80fcd000948.png', '严选寻访KitchenAid品牌的制造商，\n采用德国LFGB认证食品级专用不锈钢，\n欧式简约设计，可靠安心，尽享下厨乐趣。', 'http://yanxuan.nosdn.127.net/2f79a254cd4020966ea1272e2d27b510.jpg', 46, 1, 98.00, 'http://yanxuan.nosdn.127.net/e11385bf29d1b3949435b80fcd000948.png', 0, '', 10);
INSERT INTO `nideshop_brand` VALUES (1025000, 'Timberland制造商', 'http://yanxuan.nosdn.127.net/6dcadb0791b33aa9fd00380b44fa6645.png', '为制作优质时尚的工装鞋靴，\n严选团队深入探访国内外制靴大厂，选择Timberland制造商，\n工厂拥有15年制鞋历史，专业品质有保证。', 'http://yanxuan.nosdn.127.net/5b35f510110d0c031eb6bf63854597b8.png', 37, 1, 359.00, 'http://yanxuan.nosdn.127.net/6dcadb0791b33aa9fd00380b44fa6645.png', 0, '', 10);
INSERT INTO `nideshop_brand` VALUES (1025001, 'Kenneth Cole制造商', 'http://yanxuan.nosdn.127.net/236322546c6860e1662ab147d6b0ba2f.jpg', '为出品优质格调的商务鞋靴，\n严选团队选择Kenneth Cole品牌合作的制造商，\n一切努力，只为打造高品质鞋靴。', 'http://yanxuan.nosdn.127.net/63a1df6f5d26faadffa33bac2d51ddc4.jpg', 7, 1, 349.00, 'http://yanxuan.nosdn.127.net/236322546c6860e1662ab147d6b0ba2f.jpg', 0, '', 10);
INSERT INTO `nideshop_brand` VALUES (1026000, 'CK制造商', 'http://yanxuan.nosdn.127.net/658f09b7ec522d31742b47b914d64338.png', '严选寻访Calvin Klein品牌的制造商，\n深入世界领带第一生产地，设计与品质并重，\n致力于给消费者带来优质典雅的服饰用品。', 'http://yanxuan.nosdn.127.net/fb139c9f11a10deb41beeb42aaad488e.png', 1, 1, 39.00, 'http://yanxuan.nosdn.127.net/658f09b7ec522d31742b47b914d64338.png', 1, 'http://yanxuan.nosdn.127.net/76638fb8e6990aadf837ce761c3b7399.jpg', 1);
INSERT INTO `nideshop_brand` VALUES (1026001, 'Under Armour制造商', 'http://yanxuan.nosdn.127.net/4e93ea29b1d06fabfd24ba68a9b20a34.jpg', '严选为甄选优质好袜，走访东北、新疆等产袜基地，\n最终选定Under Armour品牌的合作制造商，\n从原料、工艺、品质多维度筛选监制，保证好品质。', 'http://yanxuan.nosdn.127.net/b00570a5edc8da2f4a629fbdddb0b03c.jpg', 35, 1, 39.00, 'http://yanxuan.nosdn.127.net/4e93ea29b1d06fabfd24ba68a9b20a34.jpg', 0, '', 10);
INSERT INTO `nideshop_brand` VALUES (1028000, 'Gucci制造商', 'http://yanxuan.nosdn.127.net/278869cad9bf5411ffc18982686b88fb.jpg', '严选为设计一款优雅时尚的品质礼帽，\n找寻拥有10来年经验的大型毛毡帽厂商合作，\n坚持打造好设计、好工艺、好材质的潮流礼帽。', 'http://yanxuan.nosdn.127.net/7749ff4939c0a62689c5d1de7fba2860.png', 23, 1, 59.00, 'http://yanxuan.nosdn.127.net/278869cad9bf5411ffc18982686b88fb.jpg', 0, '', 10);
INSERT INTO `nideshop_brand` VALUES (1028003, 'Burberry制造商', 'http://yanxuan.nosdn.127.net/07af01e281c7e0b912d162d611e22c32.jpg', '为打造时尚舒适的童装系列，\n严选选择Burberry制造商，优化版型配色\n英伦风情融入经典格纹，百搭优雅气质款。', 'http://yanxuan.nosdn.127.net/1a874a6b8cf8c17ef7420b2449179eae.jpg', 4, 1, 99.00, 'http://yanxuan.nosdn.127.net/07af01e281c7e0b912d162d611e22c32.jpg', 0, '', 10);
INSERT INTO `nideshop_brand` VALUES (1033003, 'Armani制造商', 'http://yanxuan.nosdn.127.net/981e06f0f46f5f1f041d7de3dd3202e6.jpg', '严选团队携手国际标准化专业生产厂家，\n厂家长期为Armani、Alexander wang等知名品牌代工，\n专业进口设备，精密质量把控，精于品质居家体验。', 'http://yanxuan.nosdn.127.net/cc2513963d45c8a0787bc9650e95b3bc.jpg', 26, 1, 199.00, 'http://yanxuan.nosdn.127.net/981e06f0f46f5f1f041d7de3dd3202e6.jpg', 0, '', 10);
INSERT INTO `nideshop_brand` VALUES (1033004, '爱马仕集团制造商', 'http://yanxuan.nosdn.127.net/d98470dd728fb5a91f7aceade07572b5.png', '严选采用欧洲一线品牌爱马仕的御用香料供应商，\n经过反复配比改良、试香调香、选品定样，\n为你带来独特馥郁的散香体验。', 'http://yanxuan.nosdn.127.net/dd4b9a6cb73e3e1c61c79cbd4bb0bca0.jpg', 33, 1, 19.00, 'http://yanxuan.nosdn.127.net/d98470dd728fb5a91f7aceade07572b5.png', 0, '', 10);
INSERT INTO `nideshop_brand` VALUES (1034001, 'Alexander McQueen制造商', 'http://yanxuan.nosdn.127.net/db7ee9667d84cbce573688297586699c.jpg', '为制造精致实用的高品质包包，\n严选团队选择Alexander McQueen制造商，\n严格筛选，带来轻奢优雅体验。', 'http://yanxuan.nosdn.127.net/48d8b0a9cd41cd7028b055d6d2b4b57e.jpg', 16, 1, 69.00, 'http://yanxuan.nosdn.127.net/db7ee9667d84cbce573688297586699c.jpg', 0, '', 10);
INSERT INTO `nideshop_brand` VALUES (1037000, '厚木ATSUGI制造商', 'http://yanxuan.nosdn.127.net/7df55c408dbac6085ed6c30836c828ac.jpg', '严选考究袜子品质，层层把关原料生产，\n携手12年行业生产资质的厚木品牌制造商，\n带来轻盈优雅，舒适显瘦的袜子系列。', 'http://yanxuan.nosdn.127.net/51f1a2b3e663989e8880066af929ce50.jpg', 27, 1, 29.00, 'http://yanxuan.nosdn.127.net/7df55c408dbac6085ed6c30836c828ac.jpg', 0, '', 10);
INSERT INTO `nideshop_brand` VALUES (1038000, 'Birkenstock集团制造商', 'http://yanxuan.nosdn.127.net/05a2ecffb60b77e4c165bd8492e5c22a.jpg', '为打造一双舒适的软木拖鞋，\n严选团队寻找BIRKENSTOCK集团旗下产品制造商，\n360度全程监制，舒适随脚，百搭文艺。', 'http://yanxuan.nosdn.127.net/0996a492f86f01cb83cd3737ad325e23.jpg', 14, 1, 59.90, 'http://yanxuan.nosdn.127.net/05a2ecffb60b77e4c165bd8492e5c22a.jpg', 0, '', 10);
INSERT INTO `nideshop_brand` VALUES (1038001, 'Nine West制造商', 'http://yanxuan.nosdn.127.net/ad4df7848ce450f00483c2d5e9f2bfa7.png', '为打造一双优雅舒适的高跟鞋，\n严选选择美国Nine West玖熙品牌的制造商，\n让美丽绽放在足尖。', 'http://yanxuan.nosdn.127.net/38d494067453afa08d2b26d8227558fc.jpg', 13, 1, 219.00, 'http://yanxuan.nosdn.127.net/ad4df7848ce450f00483c2d5e9f2bfa7.png', 0, '', 10);
INSERT INTO `nideshop_brand` VALUES (1039000, 'TEFAL制造商', 'http://yanxuan.nosdn.127.net/2b7a07e25a3f3be886a7fb90ba975bb7.png', '严选对标国际品质，致力于高品质生活好物，\n执着寻求优质厨房电器供应商，\n携手WMF、Tefal制造商，打造高品质厨具。', 'http://yanxuan.nosdn.127.net/713daad73395a4f3d06f5dd07ed927d4.jpg', 44, 1, 259.00, 'http://yanxuan.nosdn.127.net/2b7a07e25a3f3be886a7fb90ba975bb7.png', 0, '', 10);
INSERT INTO `nideshop_brand` VALUES (1039001, '京瓷制造商', 'http://yanxuan.nosdn.127.net/3dda530605e3ab1c82d5ed30f2489473.png', '严选想为你的厨房生活，带来新鲜感和活力，\n深入全国各地，选择日本京瓷等品牌代工厂，\n打造钻石系列厨具，颜值与品质兼具。', 'http://yanxuan.nosdn.127.net/de8c967f47c47e48aaaf461a5e24bc4c.jpg', 38, 1, 89.00, 'http://yanxuan.nosdn.127.net/3dda530605e3ab1c82d5ed30f2489473.png', 0, '', 10);
INSERT INTO `nideshop_brand` VALUES (1040000, 'Tescom制造商', 'http://yanxuan.nosdn.127.net/c17cd65971189fdc28f5bd6b78f657a7.png', '严选为打造时尚健康的个护电器，\n选择Tescom品牌制造商，全球最大个护电器工厂之一，\n拥有20年经验，出口180多个国家，品质有保障。', 'http://yanxuan.nosdn.127.net/21ff3c560b263cf45dd2b8c92091768b.jpg', 15, 1, 59.00, 'http://yanxuan.nosdn.127.net/c17cd65971189fdc28f5bd6b78f657a7.png', 0, '', 10);
INSERT INTO `nideshop_brand` VALUES (1041000, 'BCBG制造商', 'http://yanxuan.nosdn.127.net/b9072023afd3621714fd5c49f140fca8.png', '严选从产品源头开始，每道工序质量把关，\n选择美国知名品牌BCBG的制造商合作，\n严谨匠心，致力于优质柔滑的睡衣穿搭产品。', 'http://yanxuan.nosdn.127.net/3f2a66543f4c6e2abd5de2d280ff7960.png', 36, 1, 99.00, 'http://yanxuan.nosdn.127.net/b9072023afd3621714fd5c49f140fca8.png', 0, '', 10);
INSERT INTO `nideshop_brand` VALUES (1046000, '酷漫居', 'http://imgph.kumanju.com/20180730/1008445043f330.png', '一站式成长型儿童房专家，致力于为青少年儿童提供健康快乐的生活方式。', 'http://imgph.kumanju.com/20180730/1010219109a632.png', 1, 1, 0.00, 'http://imgph.kumanju.com/20180730/101043947ec548.png', 0, '', 1);

INSERT INTO `nideshop_category` VALUES (1005000, '居家', '', '回家，放松身心', 0, 2, 1, 1, 'http://yanxuan.nosdn.127.net/92357337378cce650797444bc107b0f7.jpg', 'http://yanxuan.nosdn.127.net/a45c2c262a476fea0b9fc684fed91ef5.png', '//nos.netease.com/yanxuan/f0d0e1a542e2095861b42bf789d948ce.jpg', 'http://yanxuan.nosdn.127.net/e8bf0cf08cf7eda21606ab191762e35c.png', 'L1', 0, '回家，放松身心');
INSERT INTO `nideshop_category` VALUES (1005001, '餐厨', '', '厨房', 0, 3, 2, 1, 'http://yanxuan.nosdn.127.net/f4ff8b3d5b0767d4e578575c1fd6b921.jpg', 'http://yanxuan.nosdn.127.net/ad8b00d084cb7d0958998edb5fee9c0a.png', '//nos.netease.com/yanxuan/88855173a0cfcfd889ee6394a3259c4f.jpg', 'http://yanxuan.nosdn.127.net/3708dbcb35ad5abf9e001500f73db615.png', 'L1', 0, '爱，囿于厨房');
INSERT INTO `nideshop_category` VALUES (1005002, '饮食', '', '好吃，高颜值美食', 0, 9, 8, 1, 'http://yanxuan.nosdn.127.net/dd6cc8a7e996936768db5634f12447ed.jpg', 'http://yanxuan.nosdn.127.net/c9280327a3fd2374c000f6bf52dff6eb.png', '//nos.netease.com/yanxuan/9a29ef4f41c305a12e1459f12abd290f.jpg', 'http://yanxuan.nosdn.127.net/fb670ff3511182833e5b035275e4ac09.png', 'L1', 0, '好吃，高颜值美食');
INSERT INTO `nideshop_category` VALUES (1005007, '锅具', '', '中华铸铁、精选不锈钢、进口珐琅', 1005001, 1, 1, 1, 'http://yanxuan.nosdn.127.net/4aab4598017b5749e3b63309d25e9f6b.png', '', '', 'http://yanxuan.nosdn.127.net/d2db0d1d0622c621a8aa5a7c06b0fc6d.png', 'L2', 0, '一口好锅，炖煮生活一日三餐');
INSERT INTO `nideshop_category` VALUES (1005008, '餐具', '', '皇家道尔顿、日本KEYUCA制造商出品', 1005001, 4, 4, 1, 'http://yanxuan.nosdn.127.net/f109afbb7e7a00c243c1da29991a5aa3.png', '', '', 'http://yanxuan.nosdn.127.net/695ed861a63d8c0fc51a51f42a5a993b.png', 'L2', 0, '餐桌上的舞蹈');
INSERT INTO `nideshop_category` VALUES (1005009, '清洁', '', '特殊材质，做家务更简单', 1005001, 9, 9, 1, 'http://yanxuan.nosdn.127.net/e8b67fe8b8db2ecc2e126a0aa631def0.png', '', '', 'http://yanxuan.nosdn.127.net/3a40faaef0a52627357d98ceed7a3c45.png', 'L2', 0, '环保便利，聪明之选');
INSERT INTO `nideshop_category` VALUES (1005010, '炒货', '', '精选原产地，美味加营养', 1005002, 5, 5, 1, 'http://yanxuan.nosdn.127.net/6c43063003207168c1d8e83a923e8515.png', '', '', 'http://yanxuan.nosdn.127.net/3972963a4b6f9588262d2a667f4c1c73.png', 'L2', 0, '精选原产地，美味加营养');
INSERT INTO `nideshop_category` VALUES (1005011, '小食', '', '原香鲜材，以小食之味，带来味蕾惊喜', 1005002, 2, 2, 1, 'http://yanxuan.nosdn.127.net/663f568475c994358bf31bcb67d122fe.png', '', '', 'http://yanxuan.nosdn.127.net/418f86049f957108a31ad55cec42c349.png', 'L2', 0, '原香鲜材，以小食之味，带来味蕾惊喜');
INSERT INTO `nideshop_category` VALUES (1005012, '食材', '', '天时、地利、人和，寻找这个时节这个地点的味道', 1005002, 10, 10, 1, 'http://yanxuan.nosdn.127.net/e050980992725b7932bb3645fe5aec08.png', '', '', 'http://yanxuan.nosdn.127.net/80db363e0687b1a65edc6e75c1b99726.png', 'L2', 0, '天时地利人和，寻找这个时节这个地点的味道');
INSERT INTO `nideshop_category` VALUES (1005013, '冲饮', '', '以用料天然之美，尽享闲雅之意', 1005002, 6, 6, 1, 'http://yanxuan.nosdn.127.net/2919b0d6eec79182cca31dc827f4d00a.png', '', '', 'http://yanxuan.nosdn.127.net/1e3d8f65c7c7811baccdfda6711cbfd5.png', 'L2', 0, '以用料天然之美，尽享闲雅之意');
INSERT INTO `nideshop_category` VALUES (1007000, '杯壶', '', '10Q品质控制系统', 1005001, 2, 2, 1, 'http://yanxuan.nosdn.127.net/0b244d3575b737c8f0ed7e84c5c4abd2.png', '', '', 'http://yanxuan.nosdn.127.net/ec53828a3814171079178a59fb2593da.png', 'L2', 0, '精工生产制作，匠人手艺');
INSERT INTO `nideshop_category` VALUES (1008000, '配件', '', '配角，亦是主角', 0, 4, 3, 1, 'http://yanxuan.nosdn.127.net/cad5aba2bc52d3b8adfd0232c9814de2.jpg', 'http://yanxuan.nosdn.127.net/11abb11c4cfdee59abfb6d16caca4c6a.png', '//nos.netease.com/yanxuan/935f1ab7dcfeb4bbd4a5da9935161aaf.jpg', 'http://yanxuan.nosdn.127.net/02f9a44d05c05c0dd439a5eb674570a2.png', 'L1', 0, '配角，亦是主角');
INSERT INTO `nideshop_category` VALUES (1008001, '毛巾', '', '精选长绒棉，出口日本品质标准', 1013001, 1, 1, 1, 'http://yanxuan.nosdn.127.net/44ad9a739380aa6b7cf956fb2a06e7a7.png', '', '', 'http://yanxuan.nosdn.127.net/c53d2dd5ba6b1cfb55bd42ea0783f051.png', 'L2', 0, '日本皇室专供，内野制造商出品');
INSERT INTO `nideshop_category` VALUES (1008002, '布艺软装', '', '换个软装，换个家', 1005000, 6, 4, 1, 'http://yanxuan.nosdn.127.net/8bbcd7de60a678846664af998f57e71c.png', '', '', 'http://yanxuan.nosdn.127.net/2e2fb4f2856a021bbcd1b4c8400f2b06.png', 'L2', 0, '各种风格软装装点你的家');
INSERT INTO `nideshop_category` VALUES (1008003, '鞋', '', '百搭造型，舒适脚感，久穿不累', 1008000, 4, 4, 1, 'http://yanxuan.nosdn.127.net/4316c2d05745bc90d1f333e363e571bd.png', '', '', 'http://yanxuan.nosdn.127.net/85566d138ea55e6aaeda2cda02df66f8.png', 'L2', 0, '一双好鞋，才能带你到远方');
INSERT INTO `nideshop_category` VALUES (1008004, '袜子', '', '优选面料，精细做工，越是细节之物，越显品质之处', 1010000, 4, 4, 1, 'http://yanxuan.nosdn.127.net/f123c74f54d9acff0bd1546c60034814.png', '', '', 'http://yanxuan.nosdn.127.net/13f256bac02bb27d74e035ad25cbd375.png', 'L2', 0, '新百伦、阿迪达斯等制造商出品');
INSERT INTO `nideshop_category` VALUES (1008005, '户外', '', '踏青出游，便携不误好心情', 1012000, 7, 8, 1, 'http://yanxuan.nosdn.127.net/83d22ca3d1c8f94ee23ca96de489864c.png', '', '', 'http://yanxuan.nosdn.127.net/833476fc3ecc30a7446279b787328775.png', 'L2', 0, 'MUJI、Nike等制造商出品');
INSERT INTO `nideshop_category` VALUES (1008006, '口罩', '', '权威数据认证效果，防霾有底气', 1012000, 6, 6, 1, 'http://yanxuan.nosdn.127.net/9b93e661ff59cbda6094e8b30a63724e.png', '', '', 'http://yanxuan.nosdn.127.net/11d9700da759f2c962c2f6d9412ac2a1.png', 'L2', 0, '为你遮挡雾霾');
INSERT INTO `nideshop_category` VALUES (1008007, '围巾件套', '', '严选好材料，亲肤柔软，防风抗寒，温暖不失风度', 1008000, 7, 6, 1, 'http://yanxuan.nosdn.127.net/3a8c7ae5b9dc5c1c4b7f2b656abb0279.png', '', '', 'http://yanxuan.nosdn.127.net/6beb3fd67106e42dc0f026b173373d16.png', 'L2', 0, '围上它，你的造型才完整');
INSERT INTO `nideshop_category` VALUES (1008008, '被枕', '', '选用优质材料，确保好芯', 1005000, 2, 2, 1, 'http://yanxuan.nosdn.127.net/927bc33f7ae2895dd6c11cf91f5e3228.png', '', '', 'http://yanxuan.nosdn.127.net/b43ef7cececebe6292d2f7f590522e05.png', 'L2', 0, '守护你的睡眠时光');
INSERT INTO `nideshop_category` VALUES (1008009, '床品件套', '', '严格用料，亲肤舒适', 1005000, 4, 3, 1, 'http://yanxuan.nosdn.127.net/243e5bf327a87217ad1f54592f0176ec.png', '', '', 'http://yanxuan.nosdn.127.net/81f671bd36bce05d5f57827e5c88dd1b.png', 'L2', 0, 'MUJI等品牌制造商出品');
INSERT INTO `nideshop_category` VALUES (1008010, '拖鞋', '', '人体工学设计，放松双脚', 1008000, 6, 5, 1, 'http://yanxuan.nosdn.127.net/1121696544ed9b0c2a70e82f1088fa0e.png', '', '', 'http://yanxuan.nosdn.127.net/984ddb9671aab41651784ba55b2cbdcf.png', 'L2', 0, '穿上拖鞋，回到自我');
INSERT INTO `nideshop_category` VALUES (1008011, '清洁保鲜', '', '让厨房整洁又新鲜，防尘防潮', 1005001, 6, 6, 1, 'http://yanxuan.nosdn.127.net/dc4d6c35b9f4abb42d2eeaf345710589.png', '', '', 'http://yanxuan.nosdn.127.net/04cd632e1589adcc4345e40e8ad75d2b.png', 'L2', 0, '真空保鲜，美味不限时');
INSERT INTO `nideshop_category` VALUES (1008012, '功能厨具', '', '日日使用的物件，制作精良才能更耐用', 1005001, 3, 3, 1, 'http://yanxuan.nosdn.127.net/22db4ccbf52dc62c723ac83aa587812a.png', '', '', 'http://yanxuan.nosdn.127.net/5b94463017437467a93ae4af17c2ba4f.png', 'L2', 0, '下厨省力小帮手');
INSERT INTO `nideshop_category` VALUES (1008013, '茶具咖啡具', '', '好茶配好器', 1005001, 5, 5, 1, 'http://yanxuan.nosdn.127.net/9ea192cd2719c8348f42ec17842ba763.png', '', '', 'http://yanxuan.nosdn.127.net/be3ba4056e274e311d1c23bd2931018d.png', 'L2', 0, '先进工艺制造，功夫体验');
INSERT INTO `nideshop_category` VALUES (1008014, '糖巧', '', '优选健康原料，甜食也吃得放心', 1005002, 3, 3, 1, 'http://yanxuan.nosdn.127.net/db48a1db4daab74233656caaea4a06f3.png', '', '', 'http://yanxuan.nosdn.127.net/c12cf29b574c7e9d1fcff6a57a12eea2.png', 'L2', 0, '糖心蜜意，甜而不腻');
INSERT INTO `nideshop_category` VALUES (1008015, '糕点', '', '无人工添加香精、防腐剂', 1005002, 1, 1, 1, 'http://yanxuan.nosdn.127.net/93168242df456b5f7bf3c89653b3db76.png', '', '', 'http://yanxuan.nosdn.127.net/66ea1d6ad602a8e441af7cada93bdc7a.png', 'L2', 0, '四季糕点，用心烘焙');
INSERT INTO `nideshop_category` VALUES (1008016, '灯具', '', '极简主义，贴近生活的设计', 1005000, 8, 6, 1, 'http://yanxuan.nosdn.127.net/c48e0d9dcfac01499a437774a915842b.png', '', '', 'http://yanxuan.nosdn.127.net/f702dc399d14d4e1509d5ed6e57acd19.png', 'L2', 0, '一盏灯，温暖一个家');
INSERT INTO `nideshop_category` VALUES (1008017, '收纳', '', '智慧收纳，抗菌防霉，便利拆卸，小空间的大智慧', 1012000, 2, 2, 1, 'http://yanxuan.nosdn.127.net/fdc048e1bf4f04d1c20b32eda5d1dc6e.png', '', '', 'http://yanxuan.nosdn.127.net/2a62f6c53f4ff089fa6a210c7a0c2e63.png', 'L2', 0, '选自古驰竹柄原料供应商');
INSERT INTO `nideshop_category` VALUES (1008018, '单肩包', '', '匠心制版，立体有型', 1008000, 3, 3, 1, 'http://yanxuan.nosdn.127.net/2f71c7710f0bf857e787e1adb449c8a2.png', '', '', 'http://yanxuan.nosdn.127.net/55f34f23ed31f31e1313ff33602f90cc.png', 'L2', 0, '单肩装上惬意心情');
INSERT INTO `nideshop_category` VALUES (1009000, '日用清洁', '', '天然材料，温和去除污垢', 1013001, 6, 6, 1, 'http://yanxuan.nosdn.127.net/e071686c212e93aa2fcafd0062a9c613.png', '', '', 'http://yanxuan.nosdn.127.net/729638bb13997f9c4c435b41ce6ed910.png', 'L2', 0, '洁净才能带来清爽心情');
INSERT INTO `nideshop_category` VALUES (1010000, '服装', '', '贴身的，要亲肤', 0, 5, 4, 1, 'http://yanxuan.nosdn.127.net/003e1d1289f4f290506ac2aedbd09d35.jpg', 'http://yanxuan.nosdn.127.net/28a685c96f91584e7e4876f1397767db.png', '//nos.netease.com/yanxuan/135113d6a43536b717063413fa24d69a.jpg', 'http://yanxuan.nosdn.127.net/622c8d79292154017b0cbda97588a0d7.png', 'L1', 0, '贴身的，要亲肤');
INSERT INTO `nideshop_category` VALUES (1010001, '内衣', '', '自然染料，亲肤舒适', 1010000, 2, 2, 1, 'http://yanxuan.nosdn.127.net/20279e1753e4eedc6e347857acda9681.png', '', '', 'http://yanxuan.nosdn.127.net/02fede55aba1bc6c9d7f7c01682f9e2d.png', 'L2', 0, '给你贴身的关怀');
INSERT INTO `nideshop_category` VALUES (1010002, '内裤', '', '透气洁净，环保染制', 1010000, 1, 1, 1, 'http://yanxuan.nosdn.127.net/364269344ed69adafe1b70ab7998fc50.png', '', '', 'http://yanxuan.nosdn.127.net/0a7fe0a08c195ca2cf55d12cd3c30f09.png', 'L2', 0, '来自李维斯、爱慕等制造商');
INSERT INTO `nideshop_category` VALUES (1010003, '地垫', '', '手工编织，时尚环保', 1005000, 5, 4, 1, 'http://yanxuan.nosdn.127.net/83d4c87f28c993af1aa8d3e4d30a2fa2.png', '', '', 'http://yanxuan.nosdn.127.net/1611ef6458e244d1909218becfe87c4d.png', 'L2', 0, '家里的第“五”面墙');
INSERT INTO `nideshop_category` VALUES (1010004, '双肩包', '', '精巧设计，严选全程监制', 1008000, 2, 2, 1, 'http://yanxuan.nosdn.127.net/5197c44b610d786796f955334b55c7a5.png', '', '', 'http://yanxuan.nosdn.127.net/506d19510c967ba137283035a93738a1.png', 'L2', 0, '背上的时髦');
INSERT INTO `nideshop_category` VALUES (1011000, '婴童', '', '爱，从心开始', 0, 7, 6, 1, 'http://yanxuan.nosdn.127.net/7dc78383e44df530f543659a977740de.jpg', 'http://yanxuan.nosdn.127.net/1ba9967b8de1ac50fad21774a4494f5d.png', '//nos.netease.com/yanxuan/8ab3c73fe90951a942e8b06d848f8743.jpg', 'http://yanxuan.nosdn.127.net/9cc0b3e0d5a4f4a22134c170f10b70f2.png', 'L1', 0, '爱，从心开始');
INSERT INTO `nideshop_category` VALUES (1011001, '妈咪', '', '孕育生命的你更值得被爱', 1011000, 2, 2, 1, 'http://yanxuan.nosdn.127.net/720aebaa529df9391b95a078dfb2fd5c.png', '', '', 'http://yanxuan.nosdn.127.net/844e2f4dce94f71283840c141d4ca71b.png', 'L2', 0, '犬印、Harvest Hills制造商');
INSERT INTO `nideshop_category` VALUES (1011002, '海外', '', '海外供应商直供，零关税、零风险、即时达', 1012000, 5, 5, 1, 'http://yanxuan.nosdn.127.net/da884ff3b9e9d5276986c99e85722461.png', '', '', 'http://yanxuan.nosdn.127.net/fd1de05d274222f1e56d057d2f2c20c6.png', 'L2', 0, '来自海外制造商的好物');
INSERT INTO `nideshop_category` VALUES (1011003, '床垫', '', '助你拥有舒眠好梦', 1005000, 3, 3, 1, 'http://yanxuan.nosdn.127.net/316afeb3948b295dfe073e4c51f77a42.png', '', '', 'http://yanxuan.nosdn.127.net/d6e0e84961032fc70fd52a8d4d0fb514.png', 'L2', 0, '承托你的好时光');
INSERT INTO `nideshop_category` VALUES (1011004, '家饰', '', '点缀美好生活，品质在于细节', 1005000, 9, 7, 1, 'http://yanxuan.nosdn.127.net/ab0df9445d985bf6719ac415313a8e88.png', '', '', 'http://yanxuan.nosdn.127.net/79275db76b5865e6167b0fbd141f2d7e.png', 'L2', 0, '装饰你的家');
INSERT INTO `nideshop_category` VALUES (1012000, '杂货', '', '解忧，每个烦恼', 0, 8, 7, 1, 'http://yanxuan.nosdn.127.net/d233a1a9060a22e8eb0e2b326252eece.jpg', 'http://yanxuan.nosdn.127.net/c2a3d6349e72c35931fe3b5bcd0966be.png', '//nos.netease.com/yanxuan/a0c91ae573079830743dec6ee08f5841.jpg', 'http://yanxuan.nosdn.127.net/547853361d29a37282f377b9a755dd37.png', 'L1', 0, '解忧，每个烦恼');
INSERT INTO `nideshop_category` VALUES (1012001, '功能箱包', '', '箱子里装着你的生活', 1008000, 1, 1, 1, 'http://yanxuan.nosdn.127.net/3050a2b3052d766c4b460d4b766353a3.png', '', '', 'http://yanxuan.nosdn.127.net/0645dcda6172118f9295630c2a6f234f.png', 'L2', 0, '范思哲、Coach等品牌制造商出品');
INSERT INTO `nideshop_category` VALUES (1012002, '雨具', '', '玻璃纤维伞骨，稳定抗风', 1012000, 4, 4, 1, 'http://yanxuan.nosdn.127.net/4e929a21baebdb1200361d8097e35e45.png', '', '', 'http://yanxuan.nosdn.127.net/589da0f02917b8393197a43175764381.png', 'L2', 0, 'WPC制作商出品');
INSERT INTO `nideshop_category` VALUES (1012003, '文具', '', '极简设计，环保材质', 1012000, 1, 1, 1, 'http://yanxuan.nosdn.127.net/e1743239e41ca9af76875aedc73be7f0.png', '', '', 'http://yanxuan.nosdn.127.net/e074795f61a83292d0f20eb7d124e2ac.png', 'L2', 0, '找回书写的力量');
INSERT INTO `nideshop_category` VALUES (1013000, '靴', '', 'UGG制造商出品', 1008000, 5, 5, 1, 'http://yanxuan.nosdn.127.net/868c2a976719cd508e9ddf807167a446.png', '', '', 'http://yanxuan.nosdn.127.net/59485f1aa100e4210e16175f3412fa41.png', 'L2', 0, '经典的温暖');
INSERT INTO `nideshop_category` VALUES (1013001, '洗护', '', '亲肤之物，严选天然', 0, 6, 5, 1, 'http://yanxuan.nosdn.127.net/ef8c49f8c92d1f86eb76dec0b5bc7cef.jpg', 'http://yanxuan.nosdn.127.net/9fe068776b6b1fca13053d68e9c0a83f.png', '//nos.netease.com/yanxuan/14bb4a29498a0f93a1ea001f26fea1dd.jpg', 'http://yanxuan.nosdn.127.net/1526ab0f5982722adbc8726f9f2a338c.png', 'L1', 0, '亲肤之物，严选天然');
INSERT INTO `nideshop_category` VALUES (1013002, '美妆', '', '竹宝堂、资生堂等制造商出品', 1013001, 3, 3, 1, 'http://yanxuan.nosdn.127.net/aa49c088f74a1c318f1765cc2703495a.png', '', '', 'http://yanxuan.nosdn.127.net/d6a7b9a2eb6af92d709429798a4ca3ea.png', 'L2', 0, '为你的面容添色');
INSERT INTO `nideshop_category` VALUES (1013003, '护发', '', '护发超有效小秘诀', 1013001, 5, 5, 1, 'http://yanxuan.nosdn.127.net/672ddbed88d9762d2be789080880b16a.png', '', '', 'http://yanxuan.nosdn.127.net/398375d0e39574c6e87273d328316186.png', 'L2', 0, '呵护秀发，柔顺不同发质');
INSERT INTO `nideshop_category` VALUES (1013004, '香薰', '', '提炼纯净，清雅不腻', 1013001, 2, 2, 1, 'http://yanxuan.nosdn.127.net/d43e7af0a6a9385d88be2ca1df679158.png', '', '', 'http://yanxuan.nosdn.127.net/fc7764ff8e12d18f6c5881a32318ed16.png', 'L2', 0, '爱马仕集团制造商出品');
INSERT INTO `nideshop_category` VALUES (1013005, '刀剪砧板', '', '厨房实用利器', 1005001, 7, 7, 1, 'http://yanxuan.nosdn.127.net/9d481ea4c2e9e6eda35aa720d407332e.png', '', '', 'http://yanxuan.nosdn.127.net/555afbfe05dab48c1a3b90dcaf89b4f2.png', 'L2', 0, '传统工艺 源自中国刀城');
INSERT INTO `nideshop_category` VALUES (1013006, '家居服', '', '居家休闲必备', 1010000, 6, 6, 1, 'http://yanxuan.nosdn.127.net/71f391af17fce739a6a57a1eeadbcbf0.png', '', '', 'http://yanxuan.nosdn.127.net/5da102ea4c64081ce3a05a91c855fbc9.png', 'L2', 0, '舒适亲肤');
INSERT INTO `nideshop_category` VALUES (1015000, '家具', '', '一级原木，严苛工艺', 1005000, 7, 5, 1, 'http://yanxuan.nosdn.127.net/4f00675caefd0d4177892ad18bfc2df6.png', '', '', 'http://yanxuan.nosdn.127.net/d5d41841136182bf49c1f99f5c452dd6.png', 'L2', 0, '大师级工艺');
INSERT INTO `nideshop_category` VALUES (1015001, 'T恤', '', '立体裁剪，专为国人打造', 1010000, 3, 3, 1, 'http://yanxuan.nosdn.127.net/24a7a33cfeac0bb87a737480db79e053.png', '', '', 'http://yanxuan.nosdn.127.net/505c9a5a794b79e85fef4654722b3447.png', 'L2', 0, '自在而潇洒的穿着感');
INSERT INTO `nideshop_category` VALUES (1017000, '宠物', '', '出口品质，严选贴合萌宠生活习惯用品。', 1005000, 10, 8, 1, 'http://yanxuan.nosdn.127.net/a0352c57c60ce4f68370ecdab6a30857.png', '', '', 'http://yanxuan.nosdn.127.net/dae4d6e89ab8a0cd3e8da026e4660137.png', 'L2', 0, '抑菌除味，打造宠物舒适空间');
INSERT INTO `nideshop_category` VALUES (1018000, '夏日甜心', '', '湖南卫视《夏日甜心》授权，独家发售大猫熊同款周边', 1019000, 10, 10, 1, 'http://yanxuan.nosdn.127.net/b5e9f174404ef81b8603d6ecc304c62e.png', '', '', 'http://yanxuan.nosdn.127.net/2b8497fe583d3c9759128b2d76f89dfd.png', 'L2', 0, '湖南卫视《夏日甜心》周边');
INSERT INTO `nideshop_category` VALUES (1019000, '志趣', '', '爱好，点缀生活', 0, 10, 9, 1, 'http://yanxuan.nosdn.127.net/99107fbd76eb66cd537213e478189ae1.png', 'http://yanxuan.nosdn.127.net/7093cfecb9dde1dd3eaf459623df4071.png', '//nos.netease.com/yanxuan/72de912b6350b33ecf88a27498840e62.jpg', 'http://yanxuan.nosdn.127.net/1706e24a5e605870ba3b37ff5f49aa18.png', 'L1', 0, '周边精品，共享热爱');
INSERT INTO `nideshop_category` VALUES (1020000, '出行用品', '', '便携设计，轻便旅途', 1012000, 3, 3, 1, 'http://yanxuan.nosdn.127.net/b29a11afa76b9f4a57131555f1a54c77.png', '', '', 'http://yanxuan.nosdn.127.net/81e18c6970a7809ee0d86f0545428aa4.png', 'L2', 0, '出行小物，贴心相伴');
INSERT INTO `nideshop_category` VALUES (1020001, '面部护理', '', '天然成分，无化学添加', 1013001, 4, 4, 1, 'http://yanxuan.nosdn.127.net/f73df75f334126cf1f3823696ea0663c.png', '', '', 'http://yanxuan.nosdn.127.net/babf6573f8acd53f21205a7577ec03e1.png', 'L2', 0, '温和无刺激的呵护');
INSERT INTO `nideshop_category` VALUES (1020002, '用具', '', '环保材料，耐用不发霉', 1013001, 7, 7, 1, 'http://yanxuan.nosdn.127.net/1a851b2b3c9e16bdfd020a5fc03e9140.png', '', '', 'http://yanxuan.nosdn.127.net/4e3aebbd7ffef5bb250d19f13cb85620.png', 'L2', 0, '小工具成就美好浴室');
INSERT INTO `nideshop_category` VALUES (1020003, '服饰', '', '100%纯棉，无荧光剂，严格质检', 1011000, 1, 1, 1, 'http://yanxuan.nosdn.127.net/4e50f3c4e4d0a64cd0ad14cfc0b6bd17.png', '', '', 'http://yanxuan.nosdn.127.net/004f5f96df4aeb0645abbd70c0637239.png', 'L2', 0, '萌宝穿搭，柔软舒适触感');
INSERT INTO `nideshop_category` VALUES (1020004, '婴童洗护', '', '给孩子更美好的童年体验', 1011000, 5, 5, 1, 'http://yanxuan.nosdn.127.net/c55338691ebd46bee9ebf225f80363ce.png', '', '', 'http://yanxuan.nosdn.127.net/f2e301b189befff1d99adf917ba8ce20.png', 'L2', 0, '天然，呵护宝宝肌肤');
INSERT INTO `nideshop_category` VALUES (1020005, '寝居', '', '始于初心，为爱初色', 1011000, 3, 3, 1, 'http://yanxuan.nosdn.127.net/0f3c5ad63139096fd0760219e12149af.png', '', '', 'http://yanxuan.nosdn.127.net/476995896abea91d3f2e9ec20d56bd8d.png', 'L2', 0, '无荧光剂，婴幼儿A类标准');
INSERT INTO `nideshop_category` VALUES (1020006, '玩具', '', '严选材质，安全无害保证', 1011000, 4, 4, 1, 'http://yanxuan.nosdn.127.net/7aac7c5819f71345a52a4b9df23d6239.png', '', '', 'http://yanxuan.nosdn.127.net/34b3267efcddad09cd652f181d87aab0.png', 'L2', 0, '萌宝童趣必备');
INSERT INTO `nideshop_category` VALUES (1020007, '喂养', '', '安全健康，我们执着于每个细节', 1011000, 6, 6, 1, 'http://yanxuan.nosdn.127.net/5db40a5bf84c177515610471d4d08687.png', '', '', 'http://yanxuan.nosdn.127.net/6b6f1672fe041594245fe56a5dd80871.png', 'L2', 0, '宝宝吃得香，妈妈才放心');
INSERT INTO `nideshop_category` VALUES (1020008, '配饰', '', '优选设计，让细节显示好品味', 1008000, 8, 7, 1, 'http://yanxuan.nosdn.127.net/d835a76e56a88905194f543b67089b4b.png', '', '', 'http://yanxuan.nosdn.127.net/57ce29ca06f592d65aabfa5f0f87ad43.png', 'L2', 0, '与众不同的点睛之笔');
INSERT INTO `nideshop_category` VALUES (1020009, '外衣', '', '外衣，是你面对这个世界的铠甲', 1010000, 10, 10, 1, 'http://yanxuan.nosdn.127.net/883d89e54a9287569a201eca388a7cda.png', '', '', 'http://yanxuan.nosdn.127.net/647f7c39eb7c353958274a59fd821d03.png', 'L2', 0, '穿出时尚感');
INSERT INTO `nideshop_category` VALUES (1020010, '衬衫', '', '挺拔而不束缚', 1010000, 7, 7, 1, 'http://yanxuan.nosdn.127.net/94aa4a4814e2a7a97639438f1d52dcee.png', '', '', 'http://yanxuan.nosdn.127.net/7927f8422c341f7353041a30d01045a2.png', 'L2', 0, '细节讲究，合身剪裁');
INSERT INTO `nideshop_category` VALUES (1021000, '节日礼盒', '', '遇见节日的美好', 1012000, 8, 9, 1, 'http://yanxuan.nosdn.127.net/e7b37b1ed5c18d63dc3e6c3f1aa85d8a.png', '', '', 'http://yanxuan.nosdn.127.net/bbb6f0ab4f6321121250c12583b0ff9a.png', 'L2', 0, '限量礼盒限时发售');
INSERT INTO `nideshop_category` VALUES (1022000, '数码', '', '享受安全智能的科技生活', 1008000, 9, 9, 1, 'http://yanxuan.nosdn.127.net/3ec003761d346bc866de2ec249d7ff19.png', '', '', 'http://yanxuan.nosdn.127.net/c33b13875a86da535c935e3d454a6fd2.png', 'L2', 0, '智能硬件，匠心出品');
INSERT INTO `nideshop_category` VALUES (1023000, '厨房小电', '', '省心省力，厨房高效能手', 1005001, 8, 8, 1, 'http://yanxuan.nosdn.127.net/521bd0c02d283b80ba49e73ca84df250.png', '', '', 'http://yanxuan.nosdn.127.net/c09d784ba592e4fadabbaef6b2e95a95.png', 'L2', 0, '厨房里的省心小电器');
INSERT INTO `nideshop_category` VALUES (1025000, '礼品卡', '', '传递高品质生活美学', 1019000, 11, 11, 1, 'http://yanxuan.nosdn.127.net/bb9232716b2fc96d9bdbac4955360dfa.png', '', '', 'http://yanxuan.nosdn.127.net/1266f0767a3f67298a40574df0d177fb.png', 'L2', 0, '送礼、福利首选');
INSERT INTO `nideshop_category` VALUES (1027000, '茗茶', '', '一品茶香，品茗即是观心，饮茶涤净尘虑', 1005002, 7, 7, 1, 'http://yanxuan.nosdn.127.net/0c5af0575176c4a3023783bef7a87a0f.png', '', '', 'http://yanxuan.nosdn.127.net/cfeb623929f3936cc882ffc6a9a2e927.png', 'L2', 0, '一品茶香，品茗即是观心，饮茶涤净尘虑');
INSERT INTO `nideshop_category` VALUES (1027001, '果干', '', '品尝与收获到的是自然的味道', 1005002, 4, 4, 1, 'http://yanxuan.nosdn.127.net/60f4ae2beef4754347fa36208f84efab.png', '', '', 'http://yanxuan.nosdn.127.net/4cdbf6ae196671cca154fe16e152d8d4.png', 'L2', 0, '品尝与收获到的是自然的味道');
INSERT INTO `nideshop_category` VALUES (1028001, '唱片', '', '瑞鸣音乐大师匠心打造', 1019000, 8, 8, 1, 'http://yanxuan.nosdn.127.net/71feb3efd3eaee01a74e8aa78430de9d.png', '', '', 'http://yanxuan.nosdn.127.net/3b69079ea27f90b4f539e8c3b76680f5.png', 'L2', 0, '经典音乐，用心典藏，瑞鸣音乐大师匠心打造');
INSERT INTO `nideshop_category` VALUES (1032000, '魔兽世界', '', '魔兽世界周边', 1019000, 1, 1, 1, 'http://yanxuan.nosdn.127.net/336f0186a9920eb0f93a3912f3662ffe.png', '', '', 'http://yanxuan.nosdn.127.net/becfba90e8a5c95d403b8a6b9bb77825.png', 'L2', 0, '艾泽拉斯的冒险，才刚刚开始');
INSERT INTO `nideshop_category` VALUES (1032001, '炉石传说', '', '炉石传说周边', 1019000, 2, 2, 1, 'http://yanxuan.nosdn.127.net/97937fcf2defb864d9e53d98a337d78a.png', '', '', 'http://yanxuan.nosdn.127.net/b5af3f6bfcbeb459d6c448ba87f8cc35.png', 'L2', 0, '快进来坐下吧，看看酒馆的新玩意');
INSERT INTO `nideshop_category` VALUES (1032002, '守望先锋', '', '守望先锋周边', 1019000, 3, 3, 1, 'http://yanxuan.nosdn.127.net/8cab7bf1225dc9893bd9de06fc51921d.png', '', '', 'http://yanxuan.nosdn.127.net/a562f05bf38f5ee478fefb81856aad3d.png', 'L2', 0, '物美价廉的补给箱');
INSERT INTO `nideshop_category` VALUES (1032003, '暗黑破坏神III', '', '暗黑破坏神III周边', 1019000, 4, 4, 1, 'http://yanxuan.nosdn.127.net/8fe4eb999f748236228a73e09878e277.png', '', '', 'http://yanxuan.nosdn.127.net/1e19e948de63a1d0895a8620250c441f.png', 'L2', 0, '奈非天们，停下脚步整理下行囊');
INSERT INTO `nideshop_category` VALUES (1032004, '星际争霸II', '', '星际争霸II周边', 1019000, 5, 5, 1, 'http://yanxuan.nosdn.127.net/433ff879a3686625535ca0304be22ab2.png', '', '', 'http://yanxuan.nosdn.127.net/7394ce778791ae8242013d6c974f47e0.png', 'L2', 0, '记录科普卢星区的战斗时光');
INSERT INTO `nideshop_category` VALUES (1032005, '风暴英雄', '', '风暴英雄周边', 1019000, 6, 6, 1, 'http://yanxuan.nosdn.127.net/e091aae0c8cafc5ab48dfabcc52c79b6.png', '', '', 'http://yanxuan.nosdn.127.net/ff1e28fb7151008f8dc46bbf8b357f63.png', 'L2', 0, '时空枢纽，是个充满惊喜的地方');
INSERT INTO `nideshop_category` VALUES (1033000, '梦幻西游', '', '梦幻西游精品周边', 1019000, 7, 7, 1, 'http://yanxuan.nosdn.127.net/f0698297aaac41b778c1ea65eefb8b34.png', '', '', 'http://yanxuan.nosdn.127.net/36711325781ca50fdfe234489fca973e.png', 'L2', 0, '梦幻西游精品周边');
INSERT INTO `nideshop_category` VALUES (1034000, '丝袜', '', '厚木制造商，专利冰丝', 1010000, 5, 5, 1, 'http://yanxuan.nosdn.127.net/d82d0bacfd7243c2ad09dbf2513cfcf9.png', '', '', 'http://yanxuan.nosdn.127.net/4f8f86dfd1d4b46a9cf783b4980db47f.png', 'L2', 0, '厚木制造商，专利冰丝');
INSERT INTO `nideshop_category` VALUES (1034001, '童车童椅', '', '安全舒适，给宝宝一个快乐童年', 1011000, 7, 7, 1, 'http://yanxuan.nosdn.127.net/06bbfb293b6194b27ebdb3350203a1f7.png', '', '', 'http://yanxuan.nosdn.127.net/4d16871eb80dac59d1796c7d806a5cea.png', 'L2', 0, '安全舒适，给宝宝一个快乐童年');
INSERT INTO `nideshop_category` VALUES (1035000, '卫衣', '', '舒适百搭，时尚选择', 1010000, 9, 9, 1, 'http://yanxuan.nosdn.127.net/97bb55280b8ffa40390f2ee36486314a.png', '', '', 'http://yanxuan.nosdn.127.net/0282a81bbcae6c39918808fe7c4e1b93.png', 'L2', 0, '舒适百搭，时尚选择');
INSERT INTO `nideshop_category` VALUES (1035001, '毛衣', '', '温暖柔软，品质之选', 1010000, 8, 8, 1, 'http://yanxuan.nosdn.127.net/cc886f16c8b9893305f1b3b6ad4eb0b1.png', '', '', 'http://yanxuan.nosdn.127.net/b610b058cfd73a9211dc890b7b0cbc66.png', 'L2', 0, '温暖柔软，品质之选');
INSERT INTO `nideshop_category` VALUES (1035002, '裤装', '', '高质感面料', 1010000, 11, 11, 1, 'http://yanxuan.nosdn.127.net/a3906045b1367d70f658ce9de03e8193.png', '', '', 'http://yanxuan.nosdn.127.net/1728b4eeaa7a3928f5416884f0e75b1c.png', 'L2', 0, '高质感面料，休闲商务两相宜');
INSERT INTO `nideshop_category` VALUES (1035003, '肉制品', '', '真嗜肉者，都爱这一味，或麻辣鲜香、或五味俱全，都是佳肴美馔真滋味', 1005002, 8, 8, 1, 'http://yanxuan.nosdn.127.net/db3e11b8a6974a253818ae0d6fb2d24e.png', '', '', 'http://yanxuan.nosdn.127.net/94480324b376a51af47cf92df70d1ade.png', 'L2', 0, '真嗜肉者，都爱这一味，佳肴美馔真滋味');
INSERT INTO `nideshop_category` VALUES (1036000, '夏凉', '', '夏凉床品，舒适一夏', 1005000, 1, 1, 1, 'http://yanxuan.nosdn.127.net/13ff4decdf38fe1a5bde34f0e0cc635a.png', '', '', 'http://yanxuan.nosdn.127.net/bd17c985bacb9b9ab1ab6e9d66ee343c.png', 'L2', 0, '夏凉床品，舒适一夏');
INSERT INTO `nideshop_category` VALUES (1036001, '眼镜', '', '实用加时尚，造型百搭单品', 1012000, 9, 10, 1, 'http://yanxuan.nosdn.127.net/97f5f75ea1209dfbb85e91932d26c3ed.png', '', '', 'http://yanxuan.nosdn.127.net/c25fb420ccb6f692a2d16f1740b60d21.png', 'L2', 0, '实用加时尚，造型百搭单品');
INSERT INTO `nideshop_category` VALUES (1036002, '汽车用品', '', '给你的爱车添装备', 1012000, 10, 10, 1, 'http://yanxuan.nosdn.127.net/382cda1ef9cca77d99bcef05070d7db0.png', '', '', 'http://yanxuan.nosdn.127.net/552e943e585a999169fdbc57b59524d6.png', 'L2', 0, '给你的爱车添装备');
INSERT INTO `nideshop_category` VALUES (1036003, '调味', '', '烹饪必备，美食调味', 1005002, 9, 9, 1, 'http://yanxuan.nosdn.127.net/2ae44a3944f2bc737416e1cff3d4bcef.png', '', '', 'http://yanxuan.nosdn.127.net/13d58949a8c72ec914b5ef63ac726a43.png', 'L2', 0, '烹饪必备，美食调味');
INSERT INTO `nideshop_category` VALUES (1036004, '大话西游', '', '大话西游正版周边', 1019000, 9, 8, 1, 'http://yanxuan.nosdn.127.net/b60618db213322bdc2c5b1208655bd7e.png', '', '', 'http://yanxuan.nosdn.127.net/470a017f508e9a18f3068be7b315e14b.png', 'L2', 0, '大话西游正版周边');


INSERT INTO `nideshop_coupon` VALUES (10, '包邮优惠', 0.01, 7, 0.01, 99999999.00, '2018-7-1 00:00:00', '2100-1-1 00:00:00', '2018-7-1 00:00:00', '2100-1-1 00:00:00', 0.01, NULL);


INSERT INTO `nideshop_goods` VALUES (1, 1, '1', '1', 1, 1, '1', '1', '1', 1, '2018-7-2 10:29:36', 1, 1, 1, 1.00, 0.00, 0, NULL, NULL, NULL, 0.00, 0, 0, 0.00, NULL, NULL, NULL, NULL, NULL, 0, 0.00, NULL, NULL, NULL, NULL);
INSERT INTO `nideshop_goods` VALUES (2, 1015000, '1000', '好好高低床', NULL, 1000, '高低床', NULL, '<p style=\"box-sizing: content-box; -webkit-tap-highlight-color: transparent; margin: 0px 0px 10px; padding: 0px; color: rgb(73, 80, 96); font-family: &quot;open sans&quot;, &quot;Helvetica Neue&quot;, Helvetica, Arial, sans-serif; font-size: 14px; font-style: normal; font-variant-ligatures: normal; font-variant-caps: normal; font-weight: 400; letter-spacing: normal; orphans: 2; text-align: left; text-indent: 0px; text-transform: none; white-space: normal; widows: 2; word-spacing: 0px; -webkit-text-stroke-width: 0px; background-color: rgb(255, 255, 255); text-decoration-style: initial; text-decoration-color: initial;\"><img data-fr-image-preview=\"false\" alt=\"Image title\" src=\"http://pb2qjm6dg.bkt.clouddn.com/20180705/191547649fe1d5.png\" width=\"300\" class=\"fr-fin\"></p><p><img class=\"fr-fin\" data-fr-image-preview=\"false\" alt=\"Image title\" src=\"http://imgph.kumanju.com/20180725/14004015378d3c.jpg\" width=\"300\"></p><p><img class=\"fr-fin\" data-fr-image-preview=\"false\" alt=\"Image title\" src=\"http://imgph.kumanju.com/20180730/101354679aaadb.png\" width=\"300\"></p><p style=\"box-sizing: content-box; -webkit-tap-highlight-color: transparent; margin: 0px 0px 10px; padding: 0px; color: rgb(73, 80, 96); font-family: &quot;open sans&quot;, &quot;Helvetica Neue&quot;, Helvetica, Arial, sans-serif; font-size: 14px; font-style: normal; font-variant-ligatures: normal; font-variant-caps: normal; font-weight: 400; letter-spacing: normal; orphans: 2; text-align: left; text-indent: 0px; text-transform: none; white-space: normal; widows: 2; word-spacing: 0px; -webkit-text-stroke-width: 0px; background-color: rgb(255, 255, 255); text-decoration-style: initial; text-decoration-color: initial;\"><br></p><p style=\"box-sizing: content-box; -webkit-tap-highlight-color: transparent; margin: 0px 0px 10px; padding: 0px; color: rgb(73, 80, 96); font-family: &quot;open sans&quot;, &quot;Helvetica Neue&quot;, Helvetica, Arial, sans-serif; font-size: 14px; font-style: normal; font-variant-ligatures: normal; font-variant-caps: normal; font-weight: 400; letter-spacing: normal; orphans: 2; text-align: left; text-indent: 0px; text-transform: none; white-space: normal; widows: 2; word-spacing: 0px; -webkit-text-stroke-width: 0px; background-color: rgb(255, 255, 255); text-decoration-style: initial; text-decoration-color: initial;\"><img data-fr-image-preview=\"false\" alt=\"Image title\" src=\"http://pb2qjm6dg.bkt.clouddn.com/20180705/19161656067a1c.png\" width=\"300\" class=\"fr-fin\"></p><p style=\"box-sizing: content-box; -webkit-tap-highlight-color: transparent; margin: 0px 0px 10px; padding: 0px; color: rgb(73, 80, 96); font-family: &quot;open sans&quot;, &quot;Helvetica Neue&quot;, Helvetica, Arial, sans-serif; font-size: 14px; font-style: normal; font-variant-ligatures: normal; font-variant-caps: normal; font-weight: 400; letter-spacing: normal; orphans: 2; text-align: left; text-indent: 0px; text-transform: none; white-space: normal; widows: 2; word-spacing: 0px; -webkit-text-stroke-width: 0px; background-color: rgb(255, 255, 255); text-decoration-style: initial; text-decoration-color: initial;\"><img data-fr-image-preview=\"false\" alt=\"Image title\" src=\"http://pb2qjm6dg.bkt.clouddn.com/20180705/1916407484a346.png\" width=\"300\" class=\"fr-fin\"></p><p style=\"box-sizing: content-box; -webkit-tap-highlight-color: transparent; margin: 0px 0px 10px; padding: 0px; color: rgb(73, 80, 96); font-family: &quot;open sans&quot;, &quot;Helvetica Neue&quot;, Helvetica, Arial, sans-serif; font-size: 14px; font-style: normal; font-variant-ligatures: normal; font-variant-caps: normal; font-weight: 400; letter-spacing: normal; orphans: 2; text-align: left; text-indent: 0px; text-transform: none; white-space: normal; widows: 2; word-spacing: 0px; -webkit-text-stroke-width: 0px; background-color: rgb(255, 255, 255); text-decoration-style: initial; text-decoration-color: initial;\"><br></p><p style=\"box-sizing: content-box; -webkit-tap-highlight-color: transparent; margin: 0px 0px 10px; padding: 0px; color: rgb(73, 80, 96); font-family: &quot;open sans&quot;, &quot;Helvetica Neue&quot;, Helvetica, Arial, sans-serif; font-size: 14px; font-style: normal; font-variant-ligatures: normal; font-variant-caps: normal; font-weight: 400; letter-spacing: normal; orphans: 2; text-align: left; text-indent: 0px; text-transform: none; white-space: normal; widows: 2; word-spacing: 0px; -webkit-text-stroke-width: 0px; background-color: rgb(255, 255, 255); text-decoration-style: initial; text-decoration-color: initial;\"><img data-fr-image-preview=\"false\" alt=\"Image title\" src=\"http://pb2qjm6dg.bkt.clouddn.com/20180705/191659184ec3c2.png\" width=\"300\" class=\"fr-fin\"></p><p><img class=\"fr-fin\" data-fr-image-preview=\"false\" alt=\"Image title\" src=\"http://imgph.kumanju.com/20180730/101844229cf136.png\" width=\"300\"></p><p><img class=\"fr-fin\" data-fr-image-preview=\"false\" alt=\"Image title\" src=\"http://imgph.kumanju.com/20180730/10205978229130.png\" width=\"300\"></p><p><br></p><p style=\"box-sizing: content-box; -webkit-tap-highlight-color: transparent; margin: 0px 0px 10px; padding: 0px; color: rgb(73, 80, 96); font-family: &quot;open sans&quot;, &quot;Helvetica Neue&quot;, Helvetica, Arial, sans-serif; font-size: 14px; font-style: normal; font-variant-ligatures: normal; font-variant-caps: normal; font-weight: 400; letter-spacing: normal; orphans: 2; text-align: left; text-indent: 0px; text-transform: none; white-space: normal; widows: 2; word-spacing: 0px; -webkit-text-stroke-width: 0px; background-color: rgb(255, 255, 255); text-decoration-style: initial; text-decoration-color: initial;\"><img data-fr-image-preview=\"false\" alt=\"Image title\" src=\"http://pb2qjm6dg.bkt.clouddn.com/20180705/191727307cbb94.png\" width=\"300\" class=\"fr-fin\"></p><p style=\"box-sizing: content-box; -webkit-tap-highlight-color: transparent; margin: 0px 0px 10px; padding: 0px; color: rgb(73, 80, 96); font-family: &quot;open sans&quot;, &quot;Helvetica Neue&quot;, Helvetica, Arial, sans-serif; font-size: 14px; font-style: normal; font-variant-ligatures: normal; font-variant-caps: normal; font-weight: 400; letter-spacing: normal; orphans: 2; text-align: left; text-indent: 0px; text-transform: none; white-space: normal; widows: 2; word-spacing: 0px; -webkit-text-stroke-width: 0px; background-color: rgb(255, 255, 255); text-decoration-style: initial; text-decoration-color: initial;\"><img data-fr-image-preview=\"false\" alt=\"Image title\" src=\"http://pb2qjm6dg.bkt.clouddn.com/20180705/191739505ed056.png\" width=\"300\" class=\"fr-fin\"></p><p style=\"box-sizing: content-box; -webkit-tap-highlight-color: transparent; margin: 0px 0px 10px; padding: 0px; color: rgb(73, 80, 96); font-family: &quot;open sans&quot;, &quot;Helvetica Neue&quot;, Helvetica, Arial, sans-serif; font-size: 14px; font-style: normal; font-variant-ligatures: normal; font-variant-caps: normal; font-weight: 400; letter-spacing: normal; orphans: 2; text-align: left; text-indent: 0px; text-transform: none; white-space: normal; widows: 2; word-spacing: 0px; -webkit-text-stroke-width: 0px; background-color: rgb(255, 255, 255); text-decoration-style: initial; text-decoration-color: initial;\"><img data-fr-image-preview=\"false\" alt=\"Image title\" src=\"http://pb2qjm6dg.bkt.clouddn.com/20180705/19174872feb66.png\" width=\"300\" class=\"fr-fin\"></p><p style=\"box-sizing: content-box; -webkit-tap-highlight-color: transparent; margin: 0px 0px 10px; padding: 0px; color: rgb(73, 80, 96); font-family: &quot;open sans&quot;, &quot;Helvetica Neue&quot;, Helvetica, Arial, sans-serif; font-size: 14px; font-style: normal; font-variant-ligatures: normal; font-variant-caps: normal; font-weight: 400; letter-spacing: normal; orphans: 2; text-align: left; text-indent: 0px; text-transform: none; white-space: normal; widows: 2; word-spacing: 0px; -webkit-text-stroke-width: 0px; background-color: rgb(255, 255, 255); text-decoration-style: initial; text-decoration-color: initial;\"><img data-fr-image-preview=\"false\" alt=\"Image title\" src=\"http://pb2qjm6dg.bkt.clouddn.com/20180706/09120635429aca.png\" width=\"300\" class=\"fr-fin\"></p><p style=\"box-sizing: content-box; -webkit-tap-highlight-color: transparent; margin: 0px 0px 10px; padding: 0px; color: rgb(73, 80, 96); font-family: &quot;open sans&quot;, &quot;Helvetica Neue&quot;, Helvetica, Arial, sans-serif; font-size: 14px; font-style: normal; font-variant-ligatures: normal; font-variant-caps: normal; font-weight: 400; letter-spacing: normal; orphans: 2; text-align: left; text-indent: 0px; text-transform: none; white-space: normal; widows: 2; word-spacing: 0px; -webkit-text-stroke-width: 0px; background-color: rgb(255, 255, 255); text-decoration-style: initial; text-decoration-color: initial;\"><img data-fr-image-preview=\"false\" alt=\"Image title\" src=\"http://pb2qjm6dg.bkt.clouddn.com/20180706/09121463044329.png\" width=\"300\" class=\"fr-fin\"></p><p style=\"box-sizing: content-box; -webkit-tap-highlight-color: transparent; margin: 0px 0px 10px; padding: 0px; color: rgb(73, 80, 96); font-family: &quot;open sans&quot;, &quot;Helvetica Neue&quot;, Helvetica, Arial, sans-serif; font-size: 14px; font-style: normal; font-variant-ligatures: normal; font-variant-caps: normal; font-weight: 400; letter-spacing: normal; orphans: 2; text-align: left; text-indent: 0px; text-transform: none; white-space: normal; widows: 2; word-spacing: 0px; -webkit-text-stroke-width: 0px; background-color: rgb(255, 255, 255); text-decoration-style: initial; text-decoration-color: initial;\"><img data-fr-image-preview=\"false\" alt=\"Image title\" src=\"http://pb2qjm6dg.bkt.clouddn.com/20180706/0912201768ce9d.png\" width=\"300\" class=\"fr-fin\"></p><p style=\"box-sizing: content-box; -webkit-tap-highlight-color: transparent; margin: 0px 0px 10px; padding: 0px; color: rgb(73, 80, 96); font-family: &quot;open sans&quot;, &quot;Helvetica Neue&quot;, Helvetica, Arial, sans-serif; font-size: 14px; font-style: normal; font-variant-ligatures: normal; font-variant-caps: normal; font-weight: 400; letter-spacing: normal; orphans: 2; text-align: left; text-indent: 0px; text-transform: none; white-space: normal; widows: 2; word-spacing: 0px; -webkit-text-stroke-width: 0px; background-color: rgb(255, 255, 255); text-decoration-style: initial; text-decoration-color: initial;\"><img data-fr-image-preview=\"false\" alt=\"Image title\" src=\"http://pb2qjm6dg.bkt.clouddn.com/20180706/091226522fa573.png\" width=\"300\" class=\"fr-fin\"></p><p style=\"box-sizing: content-box; -webkit-tap-highlight-color: transparent; margin: 0px 0px 10px; padding: 0px; color: rgb(73, 80, 96); font-family: &quot;open sans&quot;, &quot;Helvetica Neue&quot;, Helvetica, Arial, sans-serif; font-size: 14px; font-style: normal; font-variant-ligatures: normal; font-variant-caps: normal; font-weight: 400; letter-spacing: normal; orphans: 2; text-align: left; text-indent: 0px; text-transform: none; white-space: normal; widows: 2; word-spacing: 0px; -webkit-text-stroke-width: 0px; background-color: rgb(255, 255, 255); text-decoration-style: initial; text-decoration-color: initial;\"><img data-fr-image-preview=\"false\" alt=\"Image title\" src=\"http://pb2qjm6dg.bkt.clouddn.com/20180706/091235721c856.png\" width=\"300\" class=\"fr-fin\"></p><p style=\"box-sizing: content-box; -webkit-tap-highlight-color: transparent; margin: 0px 0px 10px; padding: 0px; color: rgb(73, 80, 96); font-family: &quot;open sans&quot;, &quot;Helvetica Neue&quot;, Helvetica, Arial, sans-serif; font-size: 14px; font-style: normal; font-variant-ligatures: normal; font-variant-caps: normal; font-weight: 400; letter-spacing: normal; orphans: 2; text-align: left; text-indent: 0px; text-transform: none; white-space: normal; widows: 2; word-spacing: 0px; -webkit-text-stroke-width: 0px; background-color: rgb(255, 255, 255); text-decoration-style: initial; text-decoration-color: initial;\"><img data-fr-image-preview=\"false\" alt=\"Image title\" src=\"http://pb2qjm6dg.bkt.clouddn.com/20180706/091243240aed6d.png\" width=\"300\" class=\"fr-fin\"></p><p style=\"box-sizing: content-box; -webkit-tap-highlight-color: transparent; margin: 0px 0px 10px; padding: 0px; color: rgb(73, 80, 96); font-family: &quot;open sans&quot;, &quot;Helvetica Neue&quot;, Helvetica, Arial, sans-serif; font-size: 14px; font-style: normal; font-variant-ligatures: normal; font-variant-caps: normal; font-weight: 400; letter-spacing: normal; orphans: 2; text-align: left; text-indent: 0px; text-transform: none; white-space: normal; widows: 2; word-spacing: 0px; -webkit-text-stroke-width: 0px; background-color: rgb(255, 255, 255); text-decoration-style: initial; text-decoration-color: initial;\"><img data-fr-image-preview=\"false\" alt=\"Image title\" src=\"http://pb2qjm6dg.bkt.clouddn.com/20180706/0912522939a763.png\" width=\"300\" class=\"fr-fin\"></p><p style=\"box-sizing: content-box; -webkit-tap-highlight-color: transparent; margin: 0px 0px 10px; padding: 0px; color: rgb(73, 80, 96); font-family: &quot;open sans&quot;, &quot;Helvetica Neue&quot;, Helvetica, Arial, sans-serif; font-size: 14px; font-style: normal; font-variant-ligatures: normal; font-variant-caps: normal; font-weight: 400; letter-spacing: normal; orphans: 2; text-align: left; text-indent: 0px; text-transform: none; white-space: normal; widows: 2; word-spacing: 0px; -webkit-text-stroke-width: 0px; background-color: rgb(255, 255, 255); text-decoration-style: initial; text-decoration-color: initial;\"><img data-fr-image-preview=\"false\" alt=\"Image title\" src=\"http://pb2qjm6dg.bkt.clouddn.com/20180706/091257885d2dbe.png\" width=\"300\" class=\"fr-fin\"></p><p style=\"box-sizing: content-box; -webkit-tap-highlight-color: transparent; margin: 0px 0px 10px; padding: 0px; color: rgb(73, 80, 96); font-family: &quot;open sans&quot;, &quot;Helvetica Neue&quot;, Helvetica, Arial, sans-serif; font-size: 14px; font-style: normal; font-variant-ligatures: normal; font-variant-caps: normal; font-weight: 400; letter-spacing: normal; orphans: 2; text-align: left; text-indent: 0px; text-transform: none; white-space: normal; widows: 2; word-spacing: 0px; -webkit-text-stroke-width: 0px; background-color: rgb(255, 255, 255); text-decoration-style: initial; text-decoration-color: initial;\"><img data-fr-image-preview=\"false\" alt=\"Image title\" src=\"http://pb2qjm6dg.bkt.clouddn.com/20180716/10241557205dbc.jpg\" width=\"300\" class=\"fr-fin\"></p><p style=\"box-sizing: content-box; -webkit-tap-highlight-color: transparent; margin: 0px 0px 10px; padding: 0px; color: rgb(73, 80, 96); font-family: &quot;open sans&quot;, &quot;Helvetica Neue&quot;, Helvetica, Arial, sans-serif; font-size: 14px; font-style: normal; font-variant-ligatures: normal; font-variant-caps: normal; font-weight: 400; letter-spacing: normal; orphans: 2; text-align: left; text-indent: 0px; text-transform: none; white-space: normal; widows: 2; word-spacing: 0px; -webkit-text-stroke-width: 0px; background-color: rgb(255, 255, 255); text-decoration-style: initial; text-decoration-color: initial;\"><img data-fr-image-preview=\"false\" alt=\"Image title\" src=\"http://pb2qjm6dg.bkt.clouddn.com/20180716/10244033de0d3.jpg\" width=\"300\" class=\"fr-fin\"></p><p style=\"box-sizing: content-box; -webkit-tap-highlight-color: transparent; margin: 0px 0px 10px; padding: 0px; color: rgb(73, 80, 96); font-family: &quot;open sans&quot;, &quot;Helvetica Neue&quot;, Helvetica, Arial, sans-serif; font-size: 14px; font-style: normal; font-variant-ligatures: normal; font-variant-caps: normal; font-weight: 400; letter-spacing: normal; orphans: 2; text-align: left; text-indent: 0px; text-transform: none; white-space: normal; widows: 2; word-spacing: 0px; -webkit-text-stroke-width: 0px; background-color: rgb(255, 255, 255); text-decoration-style: initial; text-decoration-color: initial;\"><img data-fr-image-preview=\"false\" alt=\"Image title\" src=\"http://pb2qjm6dg.bkt.clouddn.com/20180716/10244865445f3f.jpg\" width=\"300\" class=\"fr-fin\"></p><p style=\"box-sizing: content-box; -webkit-tap-highlight-color: transparent; margin: 0px 0px 10px; padding: 0px; color: rgb(73, 80, 96); font-family: &quot;open sans&quot;, &quot;Helvetica Neue&quot;, Helvetica, Arial, sans-serif; font-size: 14px; font-style: normal; font-variant-ligatures: normal; font-variant-caps: normal; font-weight: 400; letter-spacing: normal; orphans: 2; text-align: left; text-indent: 0px; text-transform: none; white-space: normal; widows: 2; word-spacing: 0px; -webkit-text-stroke-width: 0px; background-color: rgb(255, 255, 255); text-decoration-style: initial; text-decoration-color: initial;\"><img data-fr-image-preview=\"false\" alt=\"Image title\" src=\"http://pb2qjm6dg.bkt.clouddn.com/20180716/1025022650715a.jpg\" width=\"300\" class=\"fr-fin\"></p><p style=\"box-sizing: content-box; -webkit-tap-highlight-color: transparent; margin: 0px 0px 10px; padding: 0px; color: rgb(73, 80, 96); font-family: &quot;open sans&quot;, &quot;Helvetica Neue&quot;, Helvetica, Arial, sans-serif; font-size: 14px; font-style: normal; font-variant-ligatures: normal; font-variant-caps: normal; font-weight: 400; letter-spacing: normal; orphans: 2; text-align: left; text-indent: 0px; text-transform: none; white-space: normal; widows: 2; word-spacing: 0px; -webkit-text-stroke-width: 0px; background-color: rgb(255, 255, 255); text-decoration-style: initial; text-decoration-color: initial;\"><img data-fr-image-preview=\"false\" alt=\"Image title\" src=\"http://pb2qjm6dg.bkt.clouddn.com/20180716/1025109672ef04.jpg\" width=\"300\" class=\"fr-fin\"></p><p style=\"box-sizing: content-box; -webkit-tap-highlight-color: transparent; margin: 0px 0px 10px; padding: 0px; color: rgb(73, 80, 96); font-family: &quot;open sans&quot;, &quot;Helvetica Neue&quot;, Helvetica, Arial, sans-serif; font-size: 14px; font-style: normal; font-variant-ligatures: normal; font-variant-caps: normal; font-weight: 400; letter-spacing: normal; orphans: 2; text-align: left; text-indent: 0px; text-transform: none; white-space: normal; widows: 2; word-spacing: 0px; -webkit-text-stroke-width: 0px; background-color: rgb(255, 255, 255); text-decoration-style: initial; text-decoration-color: initial;\"><img data-fr-image-preview=\"false\" alt=\"Image title\" src=\"http://pb2qjm6dg.bkt.clouddn.com/20180716/102521565694a1.jpg\" width=\"300\" class=\"fr-fin\"></p>', 1, '2018-7-24 10:34:15', 1, 0, 1015000, NULL, NULL, 1, NULL, 'http://imgph.kumanju.com/20180724/103358610c75cd.png', 'http://imgph.kumanju.com/20180724/103404874036f3.png', 4999.00, NULL, 247, NULL, '好床加好垫，好梦入眠', NULL, NULL, 0, 0, 0, 15998.00, 1, 1, '2018-7-30 10:22:42', 1);


INSERT INTO `nideshop_goods_gallery` VALUES (691, 2, 0x687474703A2F2F696D6770682E6B756D616E6A752E636F6D2F32303138303732342F313033343237383733626130322E706E67, NULL, NULL);
INSERT INTO `nideshop_goods_gallery` VALUES (692, 2, 0x687474703A2F2F696D6770682E6B756D616E6A752E636F6D2F32303138303732342F31303335303938323631373834312E6A7067, NULL, NULL);
INSERT INTO `nideshop_goods_gallery` VALUES (693, 2, 0x687474703A2F2F696D6770682E6B756D616E6A752E636F6D2F32303138303732342F313033353532373363316265612E706E67, NULL, NULL);
INSERT INTO `nideshop_goods_gallery` VALUES (694, 2, 0x687474703A2F2F696D6770682E6B756D616E6A752E636F6D2F32303138303732342F31303336303632353838356364642E6A7067, NULL, NULL);
INSERT INTO `nideshop_goods_gallery` VALUES (695, 2, 0x687474703A2F2F696D6770682E6B756D616E6A752E636F6D2F32303138303732342F31303336313531333639343861362E706E67, NULL, NULL);


INSERT INTO `nideshop_goods_issue` VALUES (1, '家具如何保养？', '摆放在阴凉、干净、通风、温度和光照始终的地方。移动家具时轻抬轻放。装放物品前应先把柜体放平，使其四脚平稳着地。过重的物品不宜放在桌面或桌缘。');
INSERT INTO `nideshop_goods_issue` VALUES (2, '周末发货吗？发货地是哪里？什么快递？', '周末可以发货，发货地址是惠州，小件用的是天天快递，大件发的是五包物流（贝业、易友通）。');
INSERT INTO `nideshop_goods_issue` VALUES (3, '退换货的要求是什么？是否可以七天无理由退换货？', '可以七天无理由退换货，但一定要不影响二次要求，退货的费用由买家承担。');
INSERT INTO `nideshop_goods_issue` VALUES (4, '如何开具发票？', ' 如需开具发票，请在备注里填写详细信息，或在会员管理页面联系客服。');
INSERT INTO `nideshop_goods_issue` VALUES (5, '包运输安装吗？', '全国1161个城区免费配送安装，部分不在五包的地区，需补贴部分费用。具体可咨询客服。');


INSERT INTO `nideshop_goods_specification` VALUES (6, 2, 6, '1.2*1.9 m', NULL);
INSERT INTO `nideshop_goods_specification` VALUES (7, 2, 6, '1.35*1.9 m', NULL);
INSERT INTO `nideshop_goods_specification` VALUES (8, 2, 6, '1.5*1.9 m', NULL);
INSERT INTO `nideshop_goods_specification` VALUES (9, 2, 7, '小熊款挂梯高低床', 'http://imgph.kumanju.com/20180724/1050259360d402.png');
INSERT INTO `nideshop_goods_specification` VALUES (10, 2, 7, '字母款挂梯高低床', 'http://imgph.kumanju.com/20180724/10515047eb0d2.png');
INSERT INTO `nideshop_goods_specification` VALUES (11, 2, 7, '熊猫款挂梯高低床', 'http://imgph.kumanju.com/20180724/10523951984dde.png');
INSERT INTO `nideshop_goods_specification` VALUES (12, 2, 7, '兔子款挂梯高低床', 'http://imgph.kumanju.com/20180724/105310392ba286.png');
INSERT INTO `nideshop_goods_specification` VALUES (13, 2, 7, '航天款挂梯高低床', 'http://imgph.kumanju.com/20180724/105350192f0aa.png');
INSERT INTO `nideshop_goods_specification` VALUES (14, 2, 7, '双子熊猫款挂梯高低床', 'http://imgph.kumanju.com/20180724/10581145430d9.png');
INSERT INTO `nideshop_goods_specification` VALUES (15, 2, 7, '小熊款梯柜高低床', 'http://imgph.kumanju.com/20180724/105837647cecc7.png');
INSERT INTO `nideshop_goods_specification` VALUES (16, 2, 7, '字母款梯柜高低床', 'http://imgph.kumanju.com/20180724/11020471465ff1.png');
INSERT INTO `nideshop_goods_specification` VALUES (17, 2, 7, '兔子款梯柜高低床', 'http://imgph.kumanju.com/20180724/1103189819c90d.jpg');
INSERT INTO `nideshop_goods_specification` VALUES (18, 2, 7, '双子熊猫款梯柜高低床', 'http://imgph.kumanju.com/20180724/110435156d4099.png');
INSERT INTO `nideshop_goods_specification` VALUES (19, 2, 7, '航天款梯柜高低床', 'http://imgph.kumanju.com/20180724/110546495ce13e.png');
INSERT INTO `nideshop_goods_specification` VALUES (20, 2, 7, '熊猫款梯柜款高低床', 'http://imgph.kumanju.com/20180724/110649783638bf.jpg');


INSERT INTO `nideshop_order` VALUES (21, '20180724144625936455988', 25, 401, 0, 4, '周晓明', NULL, '广东省', '广州市', '海珠区', '姬棠', '13511421544', '', 0, NULL, 'wx241446026910698d2be266442105085058', NULL, 0.00, 0.01, 0, 0.00, 0.01, 0.01, '2018-7-24 14:46:25', NULL, '2018-7-24 14:46:34', 0, 0, NULL, 0.00, NULL, NULL, 0.00, NULL, NULL, NULL, 1, NULL, NULL);
INSERT INTO `nideshop_order` VALUES (22, '20180724144919467322255', 25, 401, 0, 4, '周晓明', NULL, '广东省', '广州市', '海珠区', '姬棠', '13511421544', '', 0, NULL, 'wx241448559882207c9e5a7d891892144598', NULL, 0.00, 0.01, 0, 0.00, 0.01, 0.01, '2018-7-24 14:49:19', NULL, '2018-7-24 14:49:25', 0, 0, NULL, 0.00, NULL, NULL, 0.00, NULL, NULL, NULL, 1, NULL, NULL);
INSERT INTO `nideshop_order` VALUES (23, '20180724160535415439099', 25, 301, 2, 2, '周晓明', NULL, '广东省', '广州市', '海珠区', '姬棠', '13511421544', '', 56, '顺丰快递', 'wx24160512457572651111a9291915112640', NULL, 0.00, 0.01, 0, 0.00, 0.01, 0.01, '2018-7-24 16:05:35', '2018-7-24 16:07:15', '2018-7-24 16:05:46', 0, 0, NULL, 0.00, NULL, 'sf0012232', 0.00, NULL, NULL, NULL, 1, NULL, NULL);
INSERT INTO `nideshop_order` VALUES (24, '20180724172346878283693', 25, 301, 2, 2, '周晓明', NULL, '广东省', '广州市', '海珠区', '姬棠', '13511421544', '', 56, '顺丰快递', 'wx24172324162746b095c0567b0827957008', NULL, 0.00, 0.01, 0, 0.00, 0.01, 0.01, '2018-7-24 17:23:46', '2018-7-24 17:27:10', '2018-7-24 17:23:53', 0, 0, NULL, 0.00, NULL, 'asfas11233', 0.00, NULL, NULL, NULL, 1, NULL, NULL);
INSERT INTO `nideshop_order` VALUES (25, '20180725095447478586718', 24, 301, 2, 2, '樊', NULL, '北京市', '市辖区', '西城区', '8楼', '13632424144', '哈哈哈哈哈哈哈哈', 56, '顺丰快递', 'wx2509542558880072fa686bab3987473003', NULL, 0.00, 0.01, 0, 0.00, 0.01, 0.01, '2018-7-25 09:54:47', '2018-7-25 09:56:11', '2018-7-25 09:54:53', 0, 0, NULL, 0.00, NULL, 'asdasa', 0.00, NULL, NULL, NULL, 1, NULL, NULL);
INSERT INTO `nideshop_order` VALUES (26, '20180725095659323642944', 28, 401, 0, 4, '测试', NULL, '广东省', '韶关市', '浈江区', '测试', '15912222222', '测试测试', 0, NULL, 'wx250956374039597e5c85b79c0623750931', NULL, 0.00, 0.01, 0, 0.00, 0.01, 0.01, '2018-7-25 09:56:59', NULL, '2018-7-25 09:57:11', 0, 0, NULL, 0.00, NULL, NULL, 0.00, NULL, NULL, NULL, 1, NULL, NULL);
INSERT INTO `nideshop_order` VALUES (27, '20180725095816324483506', 24, 401, 0, 4, '樊', NULL, '北京市', '市辖区', '西城区', '8楼', '13632424144', '', 0, NULL, 'wx2509575445434268d96d9b033546292870', NULL, 0.00, 0.01, 0, 0.00, 0.01, 0.01, '2018-7-25 09:58:16', NULL, '2018-7-25 09:58:21', 0, 0, NULL, 0.00, NULL, NULL, 0.00, NULL, NULL, NULL, 1, NULL, NULL);
INSERT INTO `nideshop_order` VALUES (28, '20180725095922300302366', 24, 401, 0, 4, '樊', NULL, '北京市', '市辖区', '西城区', '8楼', '13632424144', '', 0, NULL, 'wx250959003553159c0f2b62dc0315181584', NULL, 0.00, 0.01, 0, 0.00, 0.01, 0.01, '2018-7-25 09:59:22', NULL, '2018-7-25 09:59:27', 0, 0, NULL, 0.00, NULL, NULL, 0.00, NULL, NULL, NULL, 1, NULL, NULL);
INSERT INTO `nideshop_order` VALUES (29, '20180725100340446776776', 28, 301, 2, 2, '测试', NULL, '广东省', '韶关市', '浈江区', '测试', '15912222222', '', 74, '韵达快递', 'wx251003185291218f79495e881997729077', NULL, 0.00, 0.02, 0, 0.00, 0.02, 0.02, '2018-7-25 10:03:40', '2018-7-25 10:07:33', '2018-7-25 10:03:45', 0, 0, NULL, 0.00, NULL, 'dsaaa', 0.00, NULL, NULL, NULL, 1, NULL, NULL);
INSERT INTO `nideshop_order` VALUES (30, '20180725101915882750982', 24, 101, 0, 0, '一', NULL, '北京市', '市辖区', '西城区', '7楼', '13632424155', '', 0, NULL, 'wx2510185395917916144885c33489483623', NULL, 0.00, 0.01, 0, 0.00, 0.01, 0.01, '2018-7-25 10:19:15', NULL, NULL, 0, 0, NULL, 0.00, NULL, NULL, 0.00, NULL, NULL, NULL, 1, NULL, NULL);
INSERT INTO `nideshop_order` VALUES (31, '20180725102524169794021', 24, 0, 0, 0, '一', NULL, '北京市', '市辖区', '西城区', '7楼', '13632424155', '', 0, NULL, 'wx251027276458263b388593c90670780950', NULL, 0.00, 0.03, 0, 0.00, 0.03, 0.03, '2018-7-25 10:25:24', NULL, NULL, 0, 0, NULL, 0.00, NULL, NULL, 0.00, NULL, NULL, NULL, 1, NULL, NULL);
INSERT INTO `nideshop_order` VALUES (32, '20180725102549370119653', 28, 101, 0, 0, '测试', NULL, '广东省', '韶关市', '浈江区', '测试', '15912222222', '', 0, NULL, 'wx2510301685103257ede9385c2938970479', NULL, 0.00, 0.02, 0, 0.00, 0.02, 0.02, '2018-7-25 10:25:49', NULL, NULL, 0, 0, NULL, 0.00, NULL, NULL, 0.00, NULL, NULL, NULL, 1, NULL, NULL);
INSERT INTO `nideshop_order` VALUES (33, '20180725103820157460392', 28, 101, 0, 0, '测试', NULL, '广东省', '韶关市', '浈江区', '测试', '15912222222', '', 0, NULL, 'wx25103758315168d43b3626413663376656', NULL, 0.00, 19996.00, 0, 0.00, 19996.00, 19996.00, '2018-7-25 10:38:20', NULL, NULL, 0, 0, NULL, 0.00, NULL, NULL, 0.00, NULL, NULL, NULL, 1, NULL, NULL);
INSERT INTO `nideshop_order` VALUES (34, '20180725103939884171940', 24, 401, 0, 4, '樊', NULL, '北京市', '市辖区', '西城区', '8楼', '13632424144', '', 0, NULL, 'wx25103918221019a93acc17f41796139613', NULL, 0.00, 0.01, 0, 0.00, 0.01, 0.01, '2018-7-25 10:39:39', NULL, '2018-7-25 10:39:51', 0, 0, NULL, 0.00, NULL, NULL, 0.00, NULL, NULL, NULL, 1, NULL, NULL);
INSERT INTO `nideshop_order` VALUES (35, '20180725134418794103268', 25, 0, 0, 0, '周晓明', NULL, '广东省', '广州市', '海珠区', '姬棠', '13511421544', '', 0, NULL, 'wx25140512583774b5e2e135710976960536', NULL, 0.00, 0.01, 0, 0.00, 0.01, 0.01, '2018-7-25 13:44:18', NULL, NULL, 0, 0, NULL, 0.00, NULL, NULL, 0.00, NULL, NULL, NULL, 1, NULL, NULL);
INSERT INTO `nideshop_order` VALUES (36, '20180725140026278863223', 27, 0, 0, 0, '1', NULL, '北京市', '市辖区', '东城区', '1', '18888888888', '', 0, NULL, 'wx251401032812893e5c9f13812712267573', NULL, 0.00, 7499.00, 0, 0.00, 7499.00, 7499.00, '2018-7-25 14:00:26', NULL, NULL, 0, 0, NULL, 0.00, NULL, NULL, 0.00, NULL, NULL, NULL, 1, NULL, NULL);
INSERT INTO `nideshop_order` VALUES (37, '20180725140154770503612', 27, 0, 0, 0, '1', NULL, '北京市', '市辖区', '东城区', '1', '18888888888', '', 0, NULL, 'wx2514015193898988e8d06cf12459941968', NULL, 0.00, 5499.00, 0, 0.00, 5499.00, 5499.00, '2018-7-25 14:01:54', NULL, NULL, 0, 0, NULL, 0.00, NULL, NULL, 0.00, NULL, NULL, NULL, 1, NULL, NULL);
INSERT INTO `nideshop_order` VALUES (38, '20180725140338694888819', 27, 0, 0, 0, '1', NULL, '北京市', '市辖区', '东城区', '1', '18888888888', '', 0, NULL, 'wx251404452401226ad236ec0f1074654180', NULL, 0.00, 5499.00, 0, 0.00, 5499.00, 5499.00, '2018-7-25 14:03:38', NULL, NULL, 0, 0, NULL, 0.00, NULL, NULL, 0.00, NULL, NULL, NULL, 1, NULL, NULL);
INSERT INTO `nideshop_order` VALUES (39, '20180725140519095583381', 27, 0, 0, 0, '1', NULL, '北京市', '市辖区', '东城区', '1', '18888888888', '', 0, NULL, 'wx25143702023509828813ce923992125148', NULL, 0.00, 13998.00, 0, 0.00, 13998.00, 13998.00, '2018-7-25 14:05:19', NULL, NULL, 0, 0, NULL, 0.00, NULL, NULL, 0.00, NULL, NULL, NULL, 1, NULL, NULL);
INSERT INTO `nideshop_order` VALUES (40, '20180725140553889623721', 25, 0, 0, 0, '周晓明', NULL, '广东省', '广州市', '海珠区', '姬棠', '13511421544', '', 0, NULL, 'wx2514055141398910bcecf3cd0584266089', NULL, 0.00, 0.01, 0, 0.00, 0.01, 0.01, '2018-7-25 14:05:53', NULL, NULL, 0, 0, NULL, 0.00, NULL, NULL, 0.00, NULL, NULL, NULL, 1, NULL, NULL);
INSERT INTO `nideshop_order` VALUES (41, '20180725140715823916209', 25, 0, 0, 0, '周晓明', NULL, '广东省', '广州市', '海珠区', '姬棠', '13511421544', '', 0, NULL, 'wx25141049315308ecb1a7ea482804842671', NULL, 0.00, 0.01, 0, 0.00, 0.01, 0.01, '2018-7-25 14:07:15', NULL, NULL, 0, 0, NULL, 0.00, NULL, NULL, 0.00, NULL, NULL, NULL, 1, NULL, NULL);
INSERT INTO `nideshop_order` VALUES (42, '20180725141425543480867', 25, 101, 0, 0, '周晓明', NULL, '广东省', '广州市', '海珠区', '姬棠', '13511421544', '', 0, NULL, 'wx25152859833776fb75c8d9540542128427', NULL, 0.00, 0.01, 0, 0.00, 0.01, 0.01, '2018-7-25 14:14:25', NULL, NULL, 0, 0, NULL, 0.00, NULL, NULL, 0.00, NULL, NULL, NULL, 1, NULL, NULL);
INSERT INTO `nideshop_order` VALUES (43, '20180725143759361823653', 27, 0, 0, 0, '1', NULL, '北京市', '市辖区', '东城区', '1', '18888888888', '', 0, NULL, 'wx251447434824920618ad80080068158496', NULL, 0.00, 16497.00, 0, 0.00, 16497.00, 16497.00, '2018-7-25 14:37:59', NULL, NULL, 0, 0, NULL, 0.00, NULL, NULL, 0.00, NULL, NULL, NULL, 1, NULL, NULL);
INSERT INTO `nideshop_order` VALUES (44, '20180725144022801984253', 27, 0, 0, 0, '1', NULL, '北京市', '市辖区', '东城区', '1', '18888888888', '', 0, NULL, 'wx25151405888421bb1d0a32ff0699995058', NULL, 0.00, 7499.00, 0, 0.00, 7499.00, 7499.00, '2018-7-25 14:40:22', NULL, NULL, 0, 0, NULL, 0.00, NULL, NULL, 0.00, NULL, NULL, NULL, 1, NULL, NULL);
INSERT INTO `nideshop_order` VALUES (45, '20180725151551328239141', 27, 0, 0, 0, '1', NULL, '北京市', '市辖区', '东城区', '1', '18888888888', '', 0, NULL, 'wx251516095867479c7a931ed82293091426', NULL, 0.00, 7999.00, 0, 0.00, 7999.00, 7999.00, '2018-7-25 15:15:51', NULL, NULL, 0, 0, NULL, 0.00, NULL, NULL, 0.00, NULL, NULL, NULL, 1, NULL, NULL);
INSERT INTO `nideshop_order` VALUES (46, '20180725154505524191989', 27, 0, 0, 0, '1', NULL, '北京市', '市辖区', '东城区', '1', '18888888888', '', 0, NULL, 'wx251544442316712da6b92e4f3674362346', NULL, 0.00, 6999.00, 0, 0.00, 6999.00, 6999.00, '2018-7-25 15:45:05', NULL, NULL, 0, 0, NULL, 0.00, NULL, NULL, 0.00, NULL, NULL, NULL, 1, NULL, NULL);
INSERT INTO `nideshop_order` VALUES (47, '20180725154609284018351', 27, 301, 2, 2, '1', NULL, '北京市', '市辖区', '东城区', '1', '18888888888', '', 90, '中邮物流', 'wx2516523498147694ab24dd4a3558044749', NULL, 0.00, 7499.00, 0, 0.00, 7499.00, 7499.00, '2018-7-25 15:46:09', '2018-7-26 11:39:06', NULL, 0, 0, NULL, 0.00, NULL, 'dssaaaa', 0.00, NULL, NULL, NULL, 1, NULL, NULL);
INSERT INTO `nideshop_order` VALUES (48, '20180725165450800152331', 25, 300, 1, 2, '周晓明', NULL, '广东省', '广州市', '海珠区', '姬棠', '13511421544', '', 90, '中邮物流', 'wx251654299159399cf660bd350908260967', NULL, 0.00, 0.02, 0, 0.00, 0.02, 0.02, '2018-7-25 16:54:50', NULL, '2018-7-25 16:54:57', 0, 0, NULL, 0.00, NULL, 'dsaas', 0.00, NULL, NULL, NULL, 1, NULL, NULL);
INSERT INTO `nideshop_order` VALUES (49, '20180726094936777803326', 24, 401, 0, 4, '樊', NULL, '北京市', '市辖区', '西城区', '8楼', '13632424144', '一', 0, NULL, 'wx26094917335134a06eecb5790626281293', NULL, 0.00, 0.01, 0, 0.00, 0.01, 0.01, '2018-7-26 09:49:36', NULL, '2018-7-26 09:49:45', 0, 0, NULL, 0.00, NULL, NULL, 0.00, NULL, NULL, NULL, 1, NULL, NULL);
INSERT INTO `nideshop_order` VALUES (50, '20180726095111716616342', 24, 101, 0, 0, '樊', NULL, '北京市', '市辖区', '西城区', '8楼', '13632424144', '', 0, NULL, 'wx260951116732001c99fab8f41509585399', NULL, 0.00, 4999.00, 0, 0.00, 4999.00, 4999.00, '2018-7-26 09:51:11', NULL, NULL, 0, 0, NULL, 0.00, NULL, NULL, 0.00, NULL, NULL, NULL, 1, NULL, NULL);
INSERT INTO `nideshop_order` VALUES (51, '20180726095144292998700', 24, 301, 2, 2, '樊', NULL, '北京市', '市辖区', '西城区', '8楼', '13632424144', '', 90, '中邮物流', 'wx260951243941441c114e918d1791971381', NULL, 0.00, 0.01, 0, 0.00, 0.01, 0.01, '2018-7-26 09:51:44', '2018-7-26 09:57:16', '2018-7-26 09:51:49', 0, 0, NULL, 0.00, NULL, '111111', 0.00, NULL, NULL, NULL, 1, NULL, NULL);
INSERT INTO `nideshop_order` VALUES (52, '20180726095524702126354', 28, 101, 0, 0, 'R测试', NULL, '天津市', '市辖区', '和平区', '测试', '15885580888', '7.26R测试', 0, NULL, 'wx26095504877621d2a891cb512227809659', NULL, 0.00, 0.02, 0, 0.00, 0.02, 0.02, '2018-7-26 09:55:24', NULL, NULL, 0, 0, NULL, 0.00, NULL, NULL, 0.00, NULL, NULL, NULL, 1, NULL, NULL);
INSERT INTO `nideshop_order` VALUES (53, '20180726100235006160257', 28, 301, 2, 2, 'R测试', NULL, '天津市', '市辖区', '和平区', '测试', '15885580888', 'R测试', 91, '亚马逊物流', 'wx261002353036369eca24ef7d3051573612', NULL, 0.00, 0.01, 0, 0.00, 0.01, 0.01, '2018-7-26 10:02:35', '2018-7-26 10:04:40', '2018-7-26 10:03:04', 0, 0, NULL, 0.00, NULL, '2222', 0.00, NULL, NULL, NULL, 1, NULL, NULL);
INSERT INTO `nideshop_order` VALUES (54, '20180726110302173550708', 25, 201, 0, 2, '周晓明', NULL, '广东省', '广州市', '海珠区', '姬棠', '13511421544', '', 0, NULL, 'wx261102425457444b87df54a10293589583', NULL, 0.00, 0.04, 0, 0.00, 0.04, 0.04, '2018-7-26 11:03:02', NULL, '2018-7-26 11:03:11', 0, 0, NULL, 0.00, NULL, NULL, 0.00, NULL, NULL, NULL, 1, NULL, NULL);
INSERT INTO `nideshop_order` VALUES (55, '20180726151700209697797', 25, 201, 0, 2, '周晓明', NULL, '广东省', '广州市', '海珠区', '姬棠', '13511421544', '你看见了', 0, NULL, 'wx261516409361672e0b027fb11706037582', NULL, 0.00, 0.01, 0, 0.00, 0.01, 0.01, '2018-7-26 15:17:00', NULL, '2018-7-26 15:17:07', 0, 0, NULL, 0.00, NULL, NULL, 0.00, NULL, NULL, NULL, 1, NULL, NULL);
INSERT INTO `nideshop_order` VALUES (56, '20180726171645570867662', 25, 401, 0, 4, '周晓明', NULL, '广东省', '广州市', '海珠区', '姬棠', '13511421544', '', 0, NULL, 'wx2617162689047012f9800fe23426050382', NULL, 0.00, 0.01, 0, 0.00, 0.01, 0.01, '2018-7-26 17:16:45', NULL, '2018-7-26 17:16:52', 0, 0, NULL, 0.00, NULL, NULL, 0.00, NULL, NULL, NULL, 1, NULL, NULL);
INSERT INTO `nideshop_order` VALUES (57, '20180726174143105185283', 28, 401, 0, 4, '测试', NULL, '广东省', '韶关市', '浈江区', '测试', '15912222222', '', 0, NULL, 'wx26174157048707d632d5d60a3659661652', NULL, 0.00, 0.01, 0, 0.00, 0.01, 0.01, '2018-7-26 17:41:43', NULL, '2018-7-26 17:42:24', 0, 0, NULL, 0.00, NULL, NULL, 0.00, NULL, NULL, NULL, 1, NULL, NULL);
INSERT INTO `nideshop_order` VALUES (58, '20180727110334069922631', 25, 300, 1, 2, '周晓明', NULL, '广东省', '广州市', '海珠区', '姬棠', '13511421544', '', 90, '中邮物流', 'wx27110316878419c3bf3dfcae2659128879', NULL, 0.00, 0.01, 0, 0.00, 0.01, 0.01, '2018-7-27 11:03:34', NULL, '2018-7-27 11:03:44', 0, 0, NULL, 0.00, NULL, 'asda', 0.00, NULL, NULL, '2018-7-27 11:13:32', 1, '4200000143201807279255916795', 'admin');
INSERT INTO `nideshop_order` VALUES (59, '20180727115917818768441', 24, 401, 0, 4, '一', NULL, '北京市', '市辖区', '西城区', '7楼', '13632424155', '据有的人则是', 0, NULL, 'wx27115900580900e58e92dc823325118406', NULL, 0.00, 0.01, 0, 0.00, 0.01, 0.01, '2018-7-27 11:59:17', NULL, '2018-7-27 11:59:28', 0, 0, NULL, 0.00, NULL, NULL, 0.00, NULL, NULL, NULL, 1, '4200000139201807275689943305', NULL);
INSERT INTO `nideshop_order` VALUES (60, '20180727120420741366557', 24, 301, 2, 2, '樊', NULL, '北京市', '市辖区', '西城区', '8楼', '13632424144', '', 90, '中邮物流', 'wx271204031359324c3c95c07b0869202099', NULL, 0.00, 0.01, 0, 0.00, 0.01, 0.01, '2018-7-27 12:04:20', '2018-7-27 12:07:42', '2018-7-27 12:04:26', 0, 0, NULL, 0.00, NULL, '凡宋凡师范生', 0.00, NULL, NULL, '2018-7-27 12:06:02', 1, '4200000142201807270707295553', 'admin');
INSERT INTO `nideshop_order` VALUES (61, '20180727142018964759804', 28, 301, 2, 2, '测试', NULL, '北京市', '市辖区', '东城区', '测试', '13588888888', '', 80, '圆通速递', 'wx27142007134417689043d10b2792593714', NULL, 0.00, 0.01, 0, 0.00, 0.01, 0.01, '2018-7-27 14:20:18', '2018-7-27 14:24:03', '2018-7-27 14:20:32', 0, 0, NULL, 0.00, NULL, '234523523', 0.00, NULL, NULL, '2018-7-27 14:23:17', 1, '4200000153201807270778033201', 'admin');


INSERT INTO `nideshop_order_goods` VALUES (28, 21, 2, '好好高低床', 'SA26A-15-Y01', 283, 1, 11998.00, 0.01, '小熊款挂梯高低床;1.5*1.9 m', NULL, '8_9', '');
INSERT INTO `nideshop_order_goods` VALUES (29, 22, 2, '好好高低床', 'SA26A-15-Y01', 283, 1, 11998.00, 0.01, '小熊款挂梯高低床;1.5*1.9 m', NULL, '8_9', '');
INSERT INTO `nideshop_order_goods` VALUES (30, 23, 2, '好好高低床', 'SA26A-15-Y01', 283, 1, 11998.00, 0.01, '小熊款挂梯高低床;1.5*1.9 m', NULL, '8_9', '');
INSERT INTO `nideshop_order_goods` VALUES (31, 24, 2, '好好高低床', 'SA26A-15-Y01', 283, 1, 11998.00, 0.01, '小熊款挂梯高低床;1.5*1.9 m', NULL, '8_9', '');
INSERT INTO `nideshop_order_goods` VALUES (32, 25, 2, '好好高低床', 'SA26A-15-Y01', 283, 1, 11998.00, 0.01, '小熊款挂梯高低床;1.5*1.9 m', NULL, '8_9', '');
INSERT INTO `nideshop_order_goods` VALUES (33, 26, 2, '好好高低床', 'SA26A-15-Y01', 283, 1, 11998.00, 0.01, '小熊款挂梯高低床;1.5*1.9 m', NULL, '8_9', '');
INSERT INTO `nideshop_order_goods` VALUES (34, 27, 2, '好好高低床', 'SA26A-15-Y01', 283, 1, 11998.00, 0.01, '小熊款挂梯高低床;1.5*1.9 m', NULL, '8_9', '');
INSERT INTO `nideshop_order_goods` VALUES (35, 28, 2, '好好高低床', 'SA26A-15-Y01', 283, 1, 11998.00, 0.01, '小熊款挂梯高低床;1.5*1.9 m', NULL, '8_9', '');
INSERT INTO `nideshop_order_goods` VALUES (36, 29, 2, '好好高低床', 'SA26A-15-Y01', 283, 2, 11998.00, 0.01, '小熊款挂梯高低床;1.5*1.9 m', NULL, '8_9', '');
INSERT INTO `nideshop_order_goods` VALUES (37, 30, 2, '好好高低床', 'SA26A-15-Y01', 283, 1, 11998.00, 0.01, '小熊款挂梯高低床;1.5*1.9 m', NULL, '8_9', '');
INSERT INTO `nideshop_order_goods` VALUES (38, 31, 2, '好好高低床', 'SA26A-15-Y01', 283, 3, 11998.00, 0.01, '小熊款挂梯高低床;1.5*1.9 m', NULL, '8_9', '');
INSERT INTO `nideshop_order_goods` VALUES (39, 32, 2, '好好高低床', 'SA26A-15-Y01', 283, 2, 11998.00, 0.01, '小熊款挂梯高低床;1.5*1.9 m', NULL, '8_9', '');
INSERT INTO `nideshop_order_goods` VALUES (40, 33, 2, '好好高低床', 'SA21A-12-Y011', 254, 3, 9998.00, 4999.00, '双子熊猫款挂梯高低床;1.2*1.9 m', NULL, '6_14', '');
INSERT INTO `nideshop_order_goods` VALUES (41, 33, 2, '好好高低床', 'SA21A-12-Y01', 259, 1, 9998.00, 4999.00, '小熊款挂梯高低床;1.2*1.9 m', NULL, '6_9', '');
INSERT INTO `nideshop_order_goods` VALUES (42, 34, 2, '好好高低床', 'SA26A-15-Y01', 283, 1, 11998.00, 0.01, '小熊款挂梯高低床;1.5*1.9 m', NULL, '8_9', '');
INSERT INTO `nideshop_order_goods` VALUES (43, 35, 2, '好好高低床', 'SA26A-15-Y01', 283, 1, 11998.00, 0.01, '小熊款挂梯高低床;1.5*1.9 m', NULL, '8_9', '');
INSERT INTO `nideshop_order_goods` VALUES (44, 36, 2, '好好高低床', 'SA21B-135-Y01', 265, 1, 14998.00, 7499.00, '小熊款梯柜高低床;1.35*1.9 m', NULL, '7_15', '');
INSERT INTO `nideshop_order_goods` VALUES (45, 37, 2, '好好高低床', 'SA21A-135-Y07', 267, 1, 10998.00, 5499.00, '航天款挂梯高低床;1.35*1.9 m', NULL, '7_13', '');
INSERT INTO `nideshop_order_goods` VALUES (46, 38, 2, '好好高低床', 'SA21A-135-Y010', 268, 1, 10998.00, 5499.00, '兔子款挂梯高低床;1.35*1.9 m', NULL, '7_12', '');
INSERT INTO `nideshop_order_goods` VALUES (47, 39, 2, '好好高低床', 'SA21B-12-Y011', 250, 2, 13998.00, 6999.00, '双子熊猫款梯柜高低床;1.2*1.9 m', NULL, '6_18', '');
INSERT INTO `nideshop_order_goods` VALUES (48, 40, 2, '好好高低床', 'SA26A-15-Y01', 283, 1, 11998.00, 0.01, '小熊款挂梯高低床;1.5*1.9 m', NULL, '8_9', '');
INSERT INTO `nideshop_order_goods` VALUES (49, 41, 2, '好好高低床', 'SA26A-15-Y01', 283, 1, 11998.00, 0.01, '小熊款挂梯高低床;1.5*1.9 m', NULL, '8_9', '');
INSERT INTO `nideshop_order_goods` VALUES (50, 42, 2, '好好高低床', 'SA26A-15-Y01', 283, 1, 11998.00, 0.01, '小熊款挂梯高低床;1.5*1.9 m', NULL, '8_9', '');
INSERT INTO `nideshop_order_goods` VALUES (51, 43, 2, '好好高低床', 'SA21A-135-Y02', 270, 3, 10998.00, 5499.00, '字母款挂梯高低床;1.35*1.9 m', NULL, '7_10', '');
INSERT INTO `nideshop_order_goods` VALUES (52, 44, 2, '好好高低床', 'SA21B-135-Y01', 265, 1, 14998.00, 7499.00, '小熊款梯柜高低床;1.35*1.9 m', NULL, '7_15', '');
INSERT INTO `nideshop_order_goods` VALUES (53, 45, 2, '好好高低床', 'SA21B-15-Y02', 276, 1, 15998.00, 7999.00, '字母款梯柜高低床;1.5*1.9 m', NULL, '8_16', 'http://imgph.kumanju.com/20180724/11020471465ff1.png');
INSERT INTO `nideshop_order_goods` VALUES (54, 46, 2, '好好高低床', 'SA21B-12-Y010', 251, 1, 13998.00, 6999.00, '兔子款梯柜高低床;1.2*1.9 m', NULL, '6_17', 'http://imgph.kumanju.com/20180724/1103189819c90d.jpg');
INSERT INTO `nideshop_order_goods` VALUES (55, 47, 2, '好好高低床', 'SA21B-135-Y01', 265, 1, 14998.00, 7499.00, '小熊款梯柜高低床;1.35*1.9 m', NULL, '7_15', 'http://imgph.kumanju.com/20180724/105837647cecc7.png');
INSERT INTO `nideshop_order_goods` VALUES (56, 48, 2, '好好高低床', 'SA26A-15-Y01', 283, 2, 11998.00, 0.01, '小熊款挂梯高低床;1.5*1.9 m', NULL, '8_9', 'http://imgph.kumanju.com/20180724/1050259360d402.png');
INSERT INTO `nideshop_order_goods` VALUES (57, 49, 2, '好好高低床', 'SA26A-15-Y01', 283, 1, 11998.00, 0.01, '小熊款挂梯高低床;1.5*1.9 m', NULL, '8_9', 'http://imgph.kumanju.com/20180724/1050259360d402.png');
INSERT INTO `nideshop_order_goods` VALUES (58, 50, 2, '好好高低床', 'SA21A-12-Y03', 257, 1, 9998.00, 4999.00, '熊猫款挂梯高低床;1.2*1.9 m', NULL, '6_11', 'http://imgph.kumanju.com/20180724/10523951984dde.png');
INSERT INTO `nideshop_order_goods` VALUES (59, 51, 2, '好好高低床', 'SA26A-15-Y01', 283, 1, 11998.00, 0.01, '小熊款挂梯高低床;1.5*1.9 m', NULL, '8_9', 'http://imgph.kumanju.com/20180724/1050259360d402.png');
INSERT INTO `nideshop_order_goods` VALUES (60, 52, 2, '好好高低床', 'SA26A-15-Y01', 283, 2, 11998.00, 0.01, '小熊款挂梯高低床;1.5*1.9 m', NULL, '8_9', 'http://imgph.kumanju.com/20180724/1050259360d402.png');
INSERT INTO `nideshop_order_goods` VALUES (61, 53, 2, '好好高低床', 'SA26A-15-Y01', 283, 1, 11998.00, 0.01, '小熊款挂梯高低床;1.5*1.9 m', NULL, '8_9', 'http://imgph.kumanju.com/20180724/1050259360d402.png');
INSERT INTO `nideshop_order_goods` VALUES (62, 54, 2, '好好高低床', 'SA26A-15-Y01', 283, 4, 11998.00, 0.01, '小熊款挂梯高低床;1.5*1.9 m', NULL, '8_9', 'http://imgph.kumanju.com/20180724/1050259360d402.png');
INSERT INTO `nideshop_order_goods` VALUES (63, 55, 2, '好好高低床', 'SA26A-15-Y01', 283, 1, 11998.00, 0.01, '小熊款挂梯高低床;1.5*1.9 m', NULL, '8_9', 'http://imgph.kumanju.com/20180724/1050259360d402.png');
INSERT INTO `nideshop_order_goods` VALUES (64, 56, 2, '好好高低床', 'SA26A-15-Y01', 283, 1, 11998.00, 0.01, '小熊款挂梯高低床;1.5*1.9 m', NULL, '8_9', 'http://imgph.kumanju.com/20180724/1050259360d402.png');
INSERT INTO `nideshop_order_goods` VALUES (65, 57, 2, '好好高低床', 'SA26A-15-Y01', 283, 1, 11998.00, 0.01, '小熊款挂梯高低床;1.5*1.9 m', NULL, '8_9', 'http://imgph.kumanju.com/20180724/1050259360d402.png');
INSERT INTO `nideshop_order_goods` VALUES (66, 58, 2, '好好高低床', 'SA26A-15-Y01', 283, 1, 11998.00, 0.01, '小熊款挂梯高低床;1.5*1.9 m', NULL, '8_9', 'http://imgph.kumanju.com/20180724/1050259360d402.png');
INSERT INTO `nideshop_order_goods` VALUES (67, 59, 2, '好好高低床', 'SA26A-15-Y01', 283, 1, 11998.00, 0.01, '小熊款挂梯高低床;1.5*1.9 m', NULL, '8_9', 'http://imgph.kumanju.com/20180724/1050259360d402.png');
INSERT INTO `nideshop_order_goods` VALUES (68, 60, 2, '好好高低床', 'SA26A-15-Y01', 283, 1, 11998.00, 0.01, '小熊款挂梯高低床;1.5*1.9 m', NULL, '8_9', 'http://imgph.kumanju.com/20180724/1050259360d402.png');
INSERT INTO `nideshop_order_goods` VALUES (69, 61, 2, '好好高低床', 'SA26A-15-Y01', 283, 1, 11998.00, 0.01, '小熊款挂梯高低床;1.5*1.9 m', NULL, '8_9', 'http://imgph.kumanju.com/20180724/1050259360d402.png');


INSERT INTO `nideshop_product` VALUES (248, 2, '6_20', 'SA21B-12-Y03', 1000, 6999.00, 13998.00);
INSERT INTO `nideshop_product` VALUES (249, 2, '6_19', 'SA21B-12-Y07', 1000, 6999.00, 13998.00);
INSERT INTO `nideshop_product` VALUES (250, 2, '6_18', 'SA21B-12-Y011', 1000, 6999.00, 13998.00);
INSERT INTO `nideshop_product` VALUES (251, 2, '6_17', 'SA21B-12-Y010', 1000, 6999.00, 13998.00);
INSERT INTO `nideshop_product` VALUES (252, 2, '6_16', 'SA21B-12-Y02', 1000, 6999.00, 13998.00);
INSERT INTO `nideshop_product` VALUES (253, 2, '6_15', 'SA21B-12-Y01', 1000, 6999.00, 13998.00);
INSERT INTO `nideshop_product` VALUES (254, 2, '6_14', 'SA21A-12-Y011', 1000, 4999.00, 9998.00);
INSERT INTO `nideshop_product` VALUES (255, 2, '6_13', 'SA21A-12-Y07', 1000, 4999.00, 9998.00);
INSERT INTO `nideshop_product` VALUES (256, 2, '6_12', 'SA21A-12-Y010', 1000, 4999.00, 9998.00);
INSERT INTO `nideshop_product` VALUES (257, 2, '6_11', 'SA21A-12-Y03', 1000, 4999.00, 9998.00);
INSERT INTO `nideshop_product` VALUES (258, 2, '6_10', 'SA21A-12-Y02', 1000, 4999.00, 9998.00);
INSERT INTO `nideshop_product` VALUES (259, 2, '6_9', 'SA21A-12-Y01', 1000, 4999.00, 9998.00);
INSERT INTO `nideshop_product` VALUES (260, 2, '7_20', 'SA21B-135-Y03', 1000, 7499.00, 14998.00);
INSERT INTO `nideshop_product` VALUES (261, 2, '7_19', 'SA21B-135-Y07', 1000, 7499.00, 14998.00);
INSERT INTO `nideshop_product` VALUES (262, 2, '7_18', 'SA21B-135-Y011', 1000, 7499.00, 14998.00);
INSERT INTO `nideshop_product` VALUES (263, 2, '7_17', 'SA21B-135-Y010', 1000, 7499.00, 14998.00);
INSERT INTO `nideshop_product` VALUES (264, 2, '7_16', 'SA21B-135-Y02', 1000, 7499.00, 14998.00);
INSERT INTO `nideshop_product` VALUES (265, 2, '7_15', 'SA21B-135-Y01', 1000, 7499.00, 14998.00);
INSERT INTO `nideshop_product` VALUES (266, 2, '7_14', 'SA21A-135-Y011', 1000, 5499.00, 10998.00);
INSERT INTO `nideshop_product` VALUES (267, 2, '7_13', 'SA21A-135-Y07', 1000, 5499.00, 10998.00);
INSERT INTO `nideshop_product` VALUES (268, 2, '7_12', 'SA21A-135-Y010', 1000, 5499.00, 10998.00);
INSERT INTO `nideshop_product` VALUES (269, 2, '7_11', 'SA21A-135-Y03', 1000, 5499.00, 10998.00);
INSERT INTO `nideshop_product` VALUES (270, 2, '7_10', 'SA21A-135-Y02', 1000, 5499.00, 10998.00);
INSERT INTO `nideshop_product` VALUES (271, 2, '7_9', 'SA21A-135-Y01', 1000, 5499.00, 10998.00);
INSERT INTO `nideshop_product` VALUES (272, 2, '8_20', 'SA21B-15-Y03', 1000, 7999.00, 15998.00);
INSERT INTO `nideshop_product` VALUES (273, 2, '8_19', 'SA21B-15-Y07', 1000, 7999.00, 15998.00);
INSERT INTO `nideshop_product` VALUES (274, 2, '8_18', 'SA21B-15-Y011', 1000, 7999.00, 15998.00);
INSERT INTO `nideshop_product` VALUES (275, 2, '8_17', 'SA21B-15-Y010', 1000, 7999.00, 15998.00);
INSERT INTO `nideshop_product` VALUES (276, 2, '8_16', 'SA21B-15-Y02', 1000, 7999.00, 15998.00);
INSERT INTO `nideshop_product` VALUES (277, 2, '8_15', 'SA21B-15-Y01', 1000, 7999.00, 15998.00);
INSERT INTO `nideshop_product` VALUES (278, 2, '8_14', 'SA21A-15-Y011', 1000, 5999.00, 11998.00);
INSERT INTO `nideshop_product` VALUES (279, 2, '8_13', 'SA21A-15-Y07', 1000, 5999.00, 11998.00);
INSERT INTO `nideshop_product` VALUES (280, 2, '8_12', 'SA21A-15-Y010', 1000, 5999.00, 11998.00);
INSERT INTO `nideshop_product` VALUES (281, 2, '8_11', 'SA21A-15-Y03', 1000, 5999.00, 11998.00);
INSERT INTO `nideshop_product` VALUES (282, 2, '8_10', 'SA21A-15-Y02', 1000, 5999.00, 11998.00);
INSERT INTO `nideshop_product` VALUES (283, 2, '8_9', 'SA26A-15-Y01', 1000, 0.01, 11998.00);


INSERT INTO `nideshop_shipping` VALUES (1, 'AJ', '安捷快递', 1);
INSERT INTO `nideshop_shipping` VALUES (2, 'ANE', '安能物流', 1);
INSERT INTO `nideshop_shipping` VALUES (3, 'AXD', '安信达快递', 1);
INSERT INTO `nideshop_shipping` VALUES (4, 'BQXHM', '北青小红帽', 1);
INSERT INTO `nideshop_shipping` VALUES (5, 'BFDF', '百福东方', 1);
INSERT INTO `nideshop_shipping` VALUES (6, 'BTWL', '百世快运', 1);
INSERT INTO `nideshop_shipping` VALUES (7, 'CCES', 'CCES快递', 1);
INSERT INTO `nideshop_shipping` VALUES (8, 'CITY100', '城市100', 1);
INSERT INTO `nideshop_shipping` VALUES (9, 'COE', 'COE东方快递', 1);
INSERT INTO `nideshop_shipping` VALUES (10, 'CSCY', '长沙创一', 1);
INSERT INTO `nideshop_shipping` VALUES (11, 'CDSTKY', '成都善途速运', 1);
INSERT INTO `nideshop_shipping` VALUES (12, 'DBL', '德邦', 0);
INSERT INTO `nideshop_shipping` VALUES (13, 'DSWL', 'D速物流', 1);
INSERT INTO `nideshop_shipping` VALUES (14, 'DTWL', '大田物流', 1);
INSERT INTO `nideshop_shipping` VALUES (15, 'EMS', 'EMS', 0);
INSERT INTO `nideshop_shipping` VALUES (16, 'FAST', '快捷速递', 1);
INSERT INTO `nideshop_shipping` VALUES (17, 'FEDEX', 'FEDEX联邦(国内件）', 1);
INSERT INTO `nideshop_shipping` VALUES (18, 'FEDEX_GJ', 'FEDEX联邦(国际件）', 1);
INSERT INTO `nideshop_shipping` VALUES (19, 'FKD', '飞康达', 1);
INSERT INTO `nideshop_shipping` VALUES (20, 'GDEMS', '广东邮政', 1);
INSERT INTO `nideshop_shipping` VALUES (21, 'GSD', '共速达', 1);
INSERT INTO `nideshop_shipping` VALUES (22, 'GTO', '国通快递', 0);
INSERT INTO `nideshop_shipping` VALUES (23, 'GTSD', '高铁速递', 1);
INSERT INTO `nideshop_shipping` VALUES (24, 'HFWL', '汇丰物流', 0);
INSERT INTO `nideshop_shipping` VALUES (25, 'HHTT', '天天快递', 0);
INSERT INTO `nideshop_shipping` VALUES (26, 'HLWL', '恒路物流', 1);
INSERT INTO `nideshop_shipping` VALUES (27, 'HOAU', '天地华宇', 1);
INSERT INTO `nideshop_shipping` VALUES (28, 'hq568', '华强物流', 1);
INSERT INTO `nideshop_shipping` VALUES (29, 'HTKY', '百世快递', 0);
INSERT INTO `nideshop_shipping` VALUES (30, 'HXLWL', '华夏龙物流', 1);
INSERT INTO `nideshop_shipping` VALUES (31, 'HYLSD', '好来运快递', 1);
INSERT INTO `nideshop_shipping` VALUES (32, 'JGSD', '京广速递', 1);
INSERT INTO `nideshop_shipping` VALUES (33, 'JIUYE', '九曳供应链', 1);
INSERT INTO `nideshop_shipping` VALUES (34, 'JJKY', '佳吉快运', 1);
INSERT INTO `nideshop_shipping` VALUES (35, 'JLDT', '嘉里物流', 1);
INSERT INTO `nideshop_shipping` VALUES (36, 'JTKD', '捷特快递', 1);
INSERT INTO `nideshop_shipping` VALUES (37, 'JXD', '急先达', 1);
INSERT INTO `nideshop_shipping` VALUES (38, 'JYKD', '晋越快递', 1);
INSERT INTO `nideshop_shipping` VALUES (39, 'JYM', '加运美', 1);
INSERT INTO `nideshop_shipping` VALUES (40, 'JYWL', '佳怡物流', 1);
INSERT INTO `nideshop_shipping` VALUES (41, 'KYWL', '跨越物流', 1);
INSERT INTO `nideshop_shipping` VALUES (42, 'LB', '龙邦快递', 1);
INSERT INTO `nideshop_shipping` VALUES (43, 'LHT', '联昊通速递', 1);
INSERT INTO `nideshop_shipping` VALUES (44, 'MHKD', '民航快递', 1);
INSERT INTO `nideshop_shipping` VALUES (45, 'MLWL', '明亮物流', 1);
INSERT INTO `nideshop_shipping` VALUES (46, 'NEDA', '能达速递', 1);
INSERT INTO `nideshop_shipping` VALUES (47, 'PADTF', '平安达腾飞快递', 1);
INSERT INTO `nideshop_shipping` VALUES (48, 'QCKD', '全晨快递', 1);
INSERT INTO `nideshop_shipping` VALUES (49, 'QFKD', '全峰快递', 1);
INSERT INTO `nideshop_shipping` VALUES (50, 'QRT', '全日通快递', 1);
INSERT INTO `nideshop_shipping` VALUES (51, 'RFD', '如风达', 0);
INSERT INTO `nideshop_shipping` VALUES (52, 'SAD', '赛澳递', 1);
INSERT INTO `nideshop_shipping` VALUES (53, 'SAWL', '圣安物流', 1);
INSERT INTO `nideshop_shipping` VALUES (54, 'SBWL', '盛邦物流', 1);
INSERT INTO `nideshop_shipping` VALUES (55, 'SDWL', '上大物流', 1);
INSERT INTO `nideshop_shipping` VALUES (56, 'SF', '顺丰快递', 0);
INSERT INTO `nideshop_shipping` VALUES (57, 'SFWL', '盛丰物流', 1);
INSERT INTO `nideshop_shipping` VALUES (58, 'SHWL', '盛辉物流', 1);
INSERT INTO `nideshop_shipping` VALUES (59, 'ST', '速通物流', 1);
INSERT INTO `nideshop_shipping` VALUES (60, 'STO', '申通快递', 0);
INSERT INTO `nideshop_shipping` VALUES (61, 'STWL', '速腾快递', 1);
INSERT INTO `nideshop_shipping` VALUES (62, 'SURE', '速尔快递', 1);
INSERT INTO `nideshop_shipping` VALUES (63, 'TSSTO', '唐山申通', 1);
INSERT INTO `nideshop_shipping` VALUES (64, 'UAPEX', '全一快递', 1);
INSERT INTO `nideshop_shipping` VALUES (65, 'UC', '优速快递', 1);
INSERT INTO `nideshop_shipping` VALUES (66, 'WJWL', '万家物流', 1);
INSERT INTO `nideshop_shipping` VALUES (67, 'WXWL', '万象物流', 1);
INSERT INTO `nideshop_shipping` VALUES (68, 'XBWL', '新邦物流', 1);
INSERT INTO `nideshop_shipping` VALUES (69, 'XFEX', '信丰快递', 1);
INSERT INTO `nideshop_shipping` VALUES (70, 'XYT', '希优特', 1);
INSERT INTO `nideshop_shipping` VALUES (71, 'XJ', '新杰物流', 1);
INSERT INTO `nideshop_shipping` VALUES (72, 'YADEX', '源安达快递', 1);
INSERT INTO `nideshop_shipping` VALUES (73, 'YCWL', '远成物流', 1);
INSERT INTO `nideshop_shipping` VALUES (74, 'YD', '韵达快递', 0);
INSERT INTO `nideshop_shipping` VALUES (75, 'YDH', '义达国际物流', 1);
INSERT INTO `nideshop_shipping` VALUES (76, 'YFEX', '越丰物流', 1);
INSERT INTO `nideshop_shipping` VALUES (77, 'YFHEX', '原飞航物流', 1);
INSERT INTO `nideshop_shipping` VALUES (78, 'YFSD', '亚风快递', 1);
INSERT INTO `nideshop_shipping` VALUES (79, 'YTKD', '运通快递', 1);
INSERT INTO `nideshop_shipping` VALUES (80, 'YTO', '圆通速递', 0);
INSERT INTO `nideshop_shipping` VALUES (81, 'YXKD', '亿翔快递', 1);
INSERT INTO `nideshop_shipping` VALUES (82, 'YZPY', '邮政平邮/小包', 1);
INSERT INTO `nideshop_shipping` VALUES (83, 'ZENY', '增益快递', 1);
INSERT INTO `nideshop_shipping` VALUES (84, 'ZHQKD', '汇强快递', 1);
INSERT INTO `nideshop_shipping` VALUES (85, 'ZJS', '宅急送', 1);
INSERT INTO `nideshop_shipping` VALUES (86, 'ZTE', '众通快递', 1);
INSERT INTO `nideshop_shipping` VALUES (87, 'ZTKY', '中铁快运', 1);
INSERT INTO `nideshop_shipping` VALUES (88, 'ZTO', '中通速递', 0);
INSERT INTO `nideshop_shipping` VALUES (89, 'ZTWL', '中铁物流', 0);
INSERT INTO `nideshop_shipping` VALUES (90, 'ZYWL', '中邮物流', 0);
INSERT INTO `nideshop_shipping` VALUES (91, 'AMAZON', '亚马逊物流', 0);
INSERT INTO `nideshop_shipping` VALUES (92, 'SUBIDA', '速必达物流', 1);
INSERT INTO `nideshop_shipping` VALUES (93, 'RFEX', '瑞丰速递', 1);
INSERT INTO `nideshop_shipping` VALUES (94, 'QUICK', '快客快递', 1);
INSERT INTO `nideshop_shipping` VALUES (95, 'CJKD', '城际快递', 1);
INSERT INTO `nideshop_shipping` VALUES (96, 'CNPEX', 'CNPEX中邮快递', 1);
INSERT INTO `nideshop_shipping` VALUES (97, 'HOTSCM', '鸿桥供应链', 1);
INSERT INTO `nideshop_shipping` VALUES (98, 'HPTEX', '海派通物流公司', 1);
INSERT INTO `nideshop_shipping` VALUES (99, 'AYCA', '澳邮专线', 1);
INSERT INTO `nideshop_shipping` VALUES (100, 'PANEX', '泛捷快递', 1);
INSERT INTO `nideshop_shipping` VALUES (101, 'PCA', 'PCA Express', 1);
INSERT INTO `nideshop_shipping` VALUES (102, 'UEQ', 'UEQ Express', 1);


INSERT INTO `nideshop_specification` VALUES (6, '尺寸', 2);
INSERT INTO `nideshop_specification` VALUES (7, '图案', 3);


INSERT INTO `nideshop_topic` VALUES (315, '专题测试', '<p><br></p><p><img class=\"fr-fin\" data-fr-image-preview=\"false\" alt=\"Image title\" src=\"http://imgph.kumanju.com/20180725/1058545377705f.jpg\" width=\"300\"></p><p><img class=\"fr-fin\" data-fr-image-preview=\"false\" alt=\"Image title\" src=\"http://imgph.kumanju.com/20180725/1059068301878d.jpg\" width=\"300\"></p><p><br></p><p><br></p>', 'http://imgph.kumanju.com/20180725/105955624d3349.jpg', 'http://imgph.kumanju.com/20180725/110004196b38ea.jpg', '测试测试1234567', 0, 0.00, '0', 'http://imgph.kumanju.com/20180725/1100335631a8e9.jpg', 0, 0);


INSERT INTO `nideshop_user` VALUES (24, 'oy7xs1VYMCTUNdXGHUXRkf5fGgpw@wx', 'oy7xs1VYMCTUNdXGHUXRkf5fGgpw', 2, NULL, '2018-7-24 10:09:20', '2018-7-30 10:23:17', '220.115.182.189', NULL, 'UE', NULL, '220.115.182.189', 'https://wx.qlogo.cn/mmopen/vi_32/Q0j4TwGTfTKgT6T0Xofgl7glGOTvDyBUkXqvnwxhFkwN6FF0NFvNfABKN25HsRdaTaYyU0VUIME3vbu29qtWAw/132', 'oXZFc5c0w6vLteaiDd57QoMy_kpo', 'oy7xs1VYMCTUNdXGHUXRkf5fGgpw');
INSERT INTO `nideshop_user` VALUES (25, 'oy7xs1QGs6o8XIZ_SpioFqqe6zJY@wx', 'oy7xs1QGs6o8XIZ_SpioFqqe6zJY', 1, NULL, '2018-7-24 14:19:01', '2018-7-27 14:01:39', '220.115.182.189', NULL, 'AM', NULL, '220.115.182.189', 'https://wx.qlogo.cn/mmopen/vi_32/cj1NzC8JE2j1XeaJfbKV1qibBt9AcZAxZf92rSS7JI3iapTRoK25BJ3U9Qv5JFmkqLgq8eicAaagsZP9BPicgO5x1Q/132', 'oXZFc5WJFfeSDT77wdEo3VsA4aOM', 'oy7xs1QGs6o8XIZ_SpioFqqe6zJY');
INSERT INTO `nideshop_user` VALUES (26, 'oy7xs1VpBGWDHWGSvqpIPFLWk1e0@wx', 'oy7xs1VpBGWDHWGSvqpIPFLWk1e0', 1, NULL, '2018-7-24 14:20:32', '2018-7-24 14:23:43', '223.104.63.82', NULL, 'Richard', NULL, '223.104.63.82', 'https://wx.qlogo.cn/mmopen/vi_32/WialLm5LHWYz6x7b5eEhRkd4QqpVvdxibH9BaTticatzSPzDXnxAEhhulia2BONNbEkGD7INRaXSkofC6ibXXw4aic2A/132', 'oXZFc5X3DxJ6ZNw1ReykU7FegmfI', 'oy7xs1VpBGWDHWGSvqpIPFLWk1e0');
INSERT INTO `nideshop_user` VALUES (27, 'oy7xs1QDG4ke66N_Lhoscnl4xbAw@wx', 'oy7xs1QDG4ke66N_Lhoscnl4xbAw', 2, NULL, '2018-7-24 18:24:23', '2018-7-30 11:43:48', '220.115.182.189', NULL, '03珊～', NULL, '220.115.182.189', 'https://wx.qlogo.cn/mmopen/vi_32/ic9xkcXR5o21jeGfKLy5xnzEkqAtA15icnugGibmsnYP1Lu6IxJgUz43RM5kOp2bQUic2DI5gWWdHicFRkAJiarTO4QQ/132', 'oXZFc5U_7pVqeFVLGuJEgCx8reo4', 'oy7xs1QDG4ke66N_Lhoscnl4xbAw');
INSERT INTO `nideshop_user` VALUES (28, 'oy7xs1XQ6UJrLwrdIFaxNCWch4Ts@wx', 'oy7xs1XQ6UJrLwrdIFaxNCWch4Ts', 2, NULL, '2018-7-25 09:42:05', '2018-7-27 14:19:39', '220.115.182.189', NULL, '艺茹:whale:', NULL, '220.115.182.189', 'https://wx.qlogo.cn/mmopen/vi_32/Q0j4TwGTfTLFqREwQ0LCia1olktfOgiaqT1T3F8EYpT6icbMzyU96m3poMdnlk15no0pqnEDmuUiaP8VLNvRrL4CcQ/132', 'oXZFc5e2Lab0kkNFeYieC5ibtmU4', 'oy7xs1XQ6UJrLwrdIFaxNCWch4Ts');
INSERT INTO `nideshop_user` VALUES (29, 'oy7xs1Z2R_FZ1nMP_ZVVgCbWc1aw@wx', 'oy7xs1Z2R_FZ1nMP_ZVVgCbWc1aw', 1, NULL, '2018-7-25 11:38:21', '2018-7-25 11:38:21', '220.115.182.189', NULL, '小唠', NULL, '220.115.182.189', 'https://wx.qlogo.cn/mmopen/vi_32/Q0j4TwGTfTIT0yX4KniaW8BTOOPbNjib4LGyh81icTH3nUplias7WGTkCM91Ocaiau2Eic4GqQTVccwx3BBtZgo1Eqcw/132', 'oXZFc5afpwvll9SBYQ2a1DXz0UkI', 'oy7xs1Z2R_FZ1nMP_ZVVgCbWc1aw');
INSERT INTO `nideshop_user` VALUES (30, 'oy7xs1T6t4t0IWc2hvo_43jFWizU@wx', 'oy7xs1T6t4t0IWc2hvo_43jFWizU', 1, NULL, '2018-7-26 13:48:47', '2018-7-26 13:48:47', '220.115.182.189', NULL, '多多', NULL, '220.115.182.189', 'https://wx.qlogo.cn/mmopen/vi_32/mGqI29LnGT3r33TkP5lcACwiaFEacTy1Z8zD2HBM2KmQM6ibye7bsR8tJMpb5HfqyC3ufwyIyqef2MlIEwKBxl7Q/132', 'oXZFc5St5B-hAL15QItBPj9K-8rs', 'oy7xs1T6t4t0IWc2hvo_43jFWizU');


INSERT INTO `nideshop_user_level` VALUES (1, '普通用户', '0');
INSERT INTO `nideshop_user_level` VALUES (2, 'vip', '10000');
INSERT INTO `nideshop_user_level` VALUES (4, '高级VIP', '100000');


INSERT INTO `qrtz_locks` VALUES ('PlatformScheduler', 'STATE_ACCESS');
INSERT INTO `qrtz_locks` VALUES ('PlatformScheduler', 'TRIGGER_ACCESS');


INSERT INTO `qrtz_scheduler_state` VALUES ('PlatformScheduler', 'localhost.localdomain1532662882145', 1532922294934, 15000);
INSERT INTO `qrtz_scheduler_state` VALUES ('PlatformScheduler', 'localhost.localdomain1532662919894', 1532922301317, 15000);
INSERT INTO `qrtz_scheduler_state` VALUES ('PlatformScheduler', 'salepordweb11532662879265', 1532922287122, 15000);
INSERT INTO `qrtz_scheduler_state` VALUES ('PlatformScheduler', 'salepordweb11532662916056', 1532922294748, 15000);


INSERT INTO `sys_config` VALUES (2, 'SMS_CONFIG_KEY', '{\"domain\":\"http://web.cr6868.com/asmx/smsservice.aspx?\",\"name\":\"\",\"pwd\":\"\",\"sign\":\"\",\"type\":1}', 0, '短信配置');
INSERT INTO `sys_config` VALUES (3, 'CLOUD_STORAGE_CONFIG_KEY', '{\"qcloudBucketName\":\"\",\"qcloudDomain\":\"\",\"qcloudPrefix\":\"\",\"qcloudSecretId\":\"\",\"qcloudSecretKey\":\"\",\"qiniuAccessKey\":\"McxBABlNGzLMP5ycbQ5HWIyPgiOm-zfJWh2ijcUL\",\"qiniuBucketName\":\"h-kumanju-com-prod\",\"qiniuDomain\":\"http://imgph.kumanju.com\",\"qiniuPrefix\":\"\",\"qiniuSecretKey\":\"MWb4ORNcOfVcdmHi_gC9r4xS0mTCib0MLr4ojDKD\",\"type\":1}', 0, '云存储配置信息');


INSERT INTO `sys_dept` VALUES (1, 0, '总部', 0, 0);

INSERT INTO `sys_macro` VALUES (5, NULL, '单位', 'goodsUnit', 1, 0, NULL, NULL, '2017-8-30', NULL);
INSERT INTO `sys_macro` VALUES (6, 5, '个', '个', 1, 1, NULL, NULL, '2017-8-30', NULL);
INSERT INTO `sys_macro` VALUES (7, 5, '只', '只', 1, 1, 2, NULL, '2017-10-6', '2017-10-6');


INSERT INTO `sys_menu` VALUES (1, 0, '系统管理', NULL, NULL, 0, 'fa fa-cog', 11, 0);
INSERT INTO `sys_menu` VALUES (2, 1, '管理员列表', 'sys/user.html', NULL, 1, 'fa fa-user', 1, 0);
INSERT INTO `sys_menu` VALUES (3, 1, '角色管理', 'sys/role.html', NULL, 1, 'fa fa-user-secret', 2, 0);
INSERT INTO `sys_menu` VALUES (4, 1, '菜单管理', 'sys/menu.html', NULL, 1, 'fa fa-folder-open', 4, 0);
INSERT INTO `sys_menu` VALUES (5, 1, 'SQL监控', 'druid/sql.html', NULL, 1, 'fa fa-linux', 9, 0);
INSERT INTO `sys_menu` VALUES (6, 1, '定时任务', 'sys/schedule.html', NULL, 1, 'fa fa-tasks', 5, 0);
INSERT INTO `sys_menu` VALUES (7, 6, '查看', NULL, 'sys:schedule:list,sys:schedule:info', 2, NULL, 0, 0);
INSERT INTO `sys_menu` VALUES (8, 6, '新增', NULL, 'sys:schedule:save', 2, NULL, 0, 0);
INSERT INTO `sys_menu` VALUES (9, 6, '修改', NULL, 'sys:schedule:update', 2, NULL, 0, 0);
INSERT INTO `sys_menu` VALUES (10, 6, '删除', NULL, 'sys:schedule:delete', 2, NULL, 0, 0);
INSERT INTO `sys_menu` VALUES (11, 6, '暂停', NULL, 'sys:schedule:pause', 2, NULL, 0, 0);
INSERT INTO `sys_menu` VALUES (12, 6, '恢复', NULL, 'sys:schedule:resume', 2, NULL, 0, 0);
INSERT INTO `sys_menu` VALUES (13, 6, '立即执行', NULL, 'sys:schedule:run', 2, NULL, 0, 0);
INSERT INTO `sys_menu` VALUES (14, 6, '日志列表', NULL, 'sys:schedule:log', 2, NULL, 0, 0);
INSERT INTO `sys_menu` VALUES (15, 2, '查看', NULL, 'sys:user:list,sys:user:info', 2, NULL, 0, 0);
INSERT INTO `sys_menu` VALUES (16, 2, '新增', NULL, 'sys:user:save,sys:role:select', 2, NULL, 0, 0);
INSERT INTO `sys_menu` VALUES (17, 2, '修改', NULL, 'sys:user:update,sys:role:select', 2, NULL, 0, 0);
INSERT INTO `sys_menu` VALUES (18, 2, '删除', NULL, 'sys:user:delete', 2, NULL, 0, 0);
INSERT INTO `sys_menu` VALUES (19, 3, '查看', NULL, 'sys:role:list,sys:role:info', 2, NULL, 0, 0);
INSERT INTO `sys_menu` VALUES (20, 3, '新增', NULL, 'sys:role:save,sys:menu:perms', 2, NULL, 0, 0);
INSERT INTO `sys_menu` VALUES (21, 3, '修改', NULL, 'sys:role:update,sys:menu:perms', 2, NULL, 0, 0);
INSERT INTO `sys_menu` VALUES (22, 3, '删除', NULL, 'sys:role:delete', 2, NULL, 0, 0);
INSERT INTO `sys_menu` VALUES (23, 4, '查看', NULL, 'sys:menu:list,sys:menu:info', 2, NULL, 0, 0);
INSERT INTO `sys_menu` VALUES (24, 4, '新增', NULL, 'sys:menu:save,sys:menu:select', 2, NULL, 0, 0);
INSERT INTO `sys_menu` VALUES (25, 4, '修改', NULL, 'sys:menu:update,sys:menu:select', 2, NULL, 0, 0);
INSERT INTO `sys_menu` VALUES (26, 4, '删除', NULL, 'sys:menu:delete', 2, NULL, 0, 0);
INSERT INTO `sys_menu` VALUES (27, 1, '系统参数', 'sys/config.html', 'sys:config:list,sys:config:info,sys:config:save,sys:config:update,sys:config:delete', 1, 'fa fa-sun-o', 7, 0);
INSERT INTO `sys_menu` VALUES (28, 1, '代码生成器', 'sys/generator.html', 'sys:generator:list,sys:generator:code', 1, 'fa fa-rocket', 10, 0);
INSERT INTO `sys_menu` VALUES (29, 1, '系统日志', 'sys/log.html', 'sys:log:list', 1, 'fa fa-file-text-o', 8, 0);
INSERT INTO `sys_menu` VALUES (30, 1, '文件上传', 'sys/oss.html', 'sys:oss:all', 1, 'fa fa-file-image-o', 6, 0);
INSERT INTO `sys_menu` VALUES (31, 0, '功能测试', NULL, NULL, 0, 'fa fa-bug', 11, 1);
INSERT INTO `sys_menu` VALUES (200, 0, '会员管理', NULL, NULL, 0, 'fa fa-user-circle-o', 1, 0);
INSERT INTO `sys_menu` VALUES (201, 200, '会员管理', 'shop/shopuser.html', NULL, 1, 'fa fa-user-md', 1, 0);
INSERT INTO `sys_menu` VALUES (202, 201, '查看', NULL, 'user:list,user:info', 2, NULL, 0, 0);
INSERT INTO `sys_menu` VALUES (203, 201, '新增', NULL, 'user:save', 2, NULL, 0, 0);
INSERT INTO `sys_menu` VALUES (204, 201, '修改', NULL, 'user:update', 2, NULL, 0, 0);
INSERT INTO `sys_menu` VALUES (205, 201, '删除', NULL, 'user:delete', 2, NULL, 0, 0);
INSERT INTO `sys_menu` VALUES (206, 31, 'iviewDemo', 'test/iviewDemo.html', NULL, 1, 'fa fa-etsy', 0, 0);
INSERT INTO `sys_menu` VALUES (207, 200, '会员等级', 'shop/userlevel.html', NULL, 1, 'fa fa-star-o', 0, 1);
INSERT INTO `sys_menu` VALUES (208, 207, '查看', NULL, 'userlevel:list,userlevel:info', 2, NULL, 6, 0);
INSERT INTO `sys_menu` VALUES (209, 207, '新增', NULL, 'userlevel:save', 2, NULL, 6, 0);
INSERT INTO `sys_menu` VALUES (210, 207, '修改', NULL, 'userlevel:update', 2, NULL, 6, 0);
INSERT INTO `sys_menu` VALUES (211, 207, '删除', NULL, 'userlevel:delete', 2, NULL, 6, 0);
INSERT INTO `sys_menu` VALUES (212, 200, '收货地址管理', 'shop/address.html', NULL, 1, 'fa fa-map-marker', 6, 0);
INSERT INTO `sys_menu` VALUES (213, 212, '查看', NULL, 'address:list,address:info', 2, NULL, 6, 0);
INSERT INTO `sys_menu` VALUES (214, 212, '新增', NULL, 'address:save', 2, NULL, 6, 0);
INSERT INTO `sys_menu` VALUES (215, 212, '修改', NULL, 'address:update', 2, NULL, 6, 0);
INSERT INTO `sys_menu` VALUES (216, 212, '删除', NULL, 'address:delete', 2, NULL, 6, 0);
INSERT INTO `sys_menu` VALUES (222, 0, '商城配置', NULL, NULL, 0, 'fa fa-shopping-cart', 2, 0);
INSERT INTO `sys_menu` VALUES (223, 222, '商品属性种类', 'shop/attributecategory.html', NULL, 1, 'fa fa-sun-o', 0, 0);
INSERT INTO `sys_menu` VALUES (224, 223, '查看', NULL, 'attributecategory:list,attributecategory:info', 2, NULL, 6, 0);
INSERT INTO `sys_menu` VALUES (225, 223, '新增', NULL, 'attributecategory:save', 2, NULL, 6, 0);
INSERT INTO `sys_menu` VALUES (226, 223, '修改', NULL, 'attributecategory:update', 2, NULL, 6, 0);
INSERT INTO `sys_menu` VALUES (227, 223, '删除', NULL, 'attributecategory:delete', 2, NULL, 6, 0);
INSERT INTO `sys_menu` VALUES (233, 243, '广告列表', 'shop/ad.html', NULL, 1, 'fa fa-pencil', 1, 0);
INSERT INTO `sys_menu` VALUES (234, 233, '查看', NULL, 'ad:list,ad:info', 2, NULL, 6, 0);
INSERT INTO `sys_menu` VALUES (235, 233, '新增', NULL, 'ad:save', 2, NULL, 6, 0);
INSERT INTO `sys_menu` VALUES (236, 233, '修改', NULL, 'ad:update', 2, NULL, 6, 0);
INSERT INTO `sys_menu` VALUES (237, 233, '删除', NULL, 'ad:delete', 2, NULL, 6, 0);
INSERT INTO `sys_menu` VALUES (238, 243, '广告位置', 'shop/adposition.html', NULL, 1, 'fa fa-map-pin', 0, 0);
INSERT INTO `sys_menu` VALUES (239, 238, '查看', NULL, 'adposition:list,adposition:info', 2, NULL, 6, 0);
INSERT INTO `sys_menu` VALUES (240, 238, '新增', NULL, 'adposition:save', 2, NULL, 6, 0);
INSERT INTO `sys_menu` VALUES (241, 238, '修改', NULL, 'adposition:update', 2, NULL, 6, 0);
INSERT INTO `sys_menu` VALUES (242, 238, '删除', NULL, 'adposition:delete', 2, NULL, 6, 0);
INSERT INTO `sys_menu` VALUES (243, 0, '推广管理', NULL, NULL, 0, 'fa fa-hand-paper-o', 5, 0);
INSERT INTO `sys_menu` VALUES (244, 243, '优惠劵管理', 'shop/coupon.html', NULL, 1, 'fa fa-cc-visa', 2, 0);
INSERT INTO `sys_menu` VALUES (245, 244, '查看', NULL, 'coupon:list,coupon:info', 2, NULL, 6, 0);
INSERT INTO `sys_menu` VALUES (246, 244, '新增', NULL, 'coupon:save', 2, NULL, 6, 0);
INSERT INTO `sys_menu` VALUES (247, 244, '修改', NULL, 'coupon:update', 2, NULL, 6, 0);
INSERT INTO `sys_menu` VALUES (248, 244, '删除', NULL, 'coupon:delete', 2, NULL, 6, 0);
INSERT INTO `sys_menu` VALUES (249, 200, '会员优惠劵', 'shop/usercoupon.html', NULL, 1, 'fa fa-cc-visa', 2, 0);
INSERT INTO `sys_menu` VALUES (250, 249, '查看', NULL, 'usercoupon:list,usercoupon:info', 2, NULL, 6, 0);
INSERT INTO `sys_menu` VALUES (251, 249, '新增', NULL, 'usercoupon:save', 2, NULL, 6, 0);
INSERT INTO `sys_menu` VALUES (252, 249, '修改', NULL, 'usercoupon:update', 2, NULL, 6, 0);
INSERT INTO `sys_menu` VALUES (253, 249, '删除', NULL, 'usercoupon:delete', 2, NULL, 6, 0);
INSERT INTO `sys_menu` VALUES (254, 222, '品牌制造商', 'shop/brand.html', NULL, 1, 'fa fa-registered', 5, 0);
INSERT INTO `sys_menu` VALUES (255, 254, '查看', NULL, 'brand:list,brand:info', 2, NULL, 6, 0);
INSERT INTO `sys_menu` VALUES (256, 254, '新增', NULL, 'brand:save', 2, NULL, 6, 0);
INSERT INTO `sys_menu` VALUES (257, 254, '修改', NULL, 'brand:update', 2, NULL, 6, 0);
INSERT INTO `sys_menu` VALUES (258, 254, '删除', NULL, 'brand:delete', 2, NULL, 6, 0);
INSERT INTO `sys_menu` VALUES (259, 222, '商品规格', 'shop/specification.html', NULL, 1, 'fa fa-hand-rock-o', 1, 0);
INSERT INTO `sys_menu` VALUES (260, 259, '查看', NULL, 'specification:list,specification:info', 2, NULL, 6, 0);
INSERT INTO `sys_menu` VALUES (261, 259, '新增', NULL, 'specification:save', 2, NULL, 6, 0);
INSERT INTO `sys_menu` VALUES (262, 259, '修改', NULL, 'specification:update', 2, NULL, 6, 0);
INSERT INTO `sys_menu` VALUES (263, 259, '删除', NULL, 'specification:delete', 2, NULL, 6, 0);
INSERT INTO `sys_menu` VALUES (264, 200, '会员收藏', 'shop/collect.html', NULL, 1, 'fa fa-star', 3, 0);
INSERT INTO `sys_menu` VALUES (265, 264, '查看', NULL, 'collect:list,collect:info', 2, NULL, 6, 0);
INSERT INTO `sys_menu` VALUES (266, 264, '删除', NULL, 'collect:delete', 2, NULL, 6, 0);
INSERT INTO `sys_menu` VALUES (270, 243, '专题管理', 'shop/topic.html', NULL, 1, 'fa fa-ticket', 5, 0);
INSERT INTO `sys_menu` VALUES (271, 270, '查看', NULL, 'topic:list,topic:info', 2, NULL, 6, 0);
INSERT INTO `sys_menu` VALUES (272, 270, '新增', NULL, 'topic:save', 2, NULL, 6, 0);
INSERT INTO `sys_menu` VALUES (273, 270, '修改', NULL, 'topic:update', 2, NULL, 6, 0);
INSERT INTO `sys_menu` VALUES (274, 270, '删除', NULL, 'topic:delete', 2, NULL, 6, 0);
INSERT INTO `sys_menu` VALUES (275, 243, '专题分类', 'shop/topiccategory.html', NULL, 1, 'fa fa-tint', 4, 0);
INSERT INTO `sys_menu` VALUES (276, 275, '查看', NULL, 'topiccategory:list,topiccategory:info', 2, NULL, 6, 0);
INSERT INTO `sys_menu` VALUES (277, 275, '新增', NULL, 'topiccategory:save', 2, NULL, 6, 0);
INSERT INTO `sys_menu` VALUES (278, 275, '修改', NULL, 'topiccategory:update', 2, NULL, 6, 0);
INSERT INTO `sys_menu` VALUES (279, 275, '删除', NULL, 'topiccategory:delete', 2, NULL, 6, 0);
INSERT INTO `sys_menu` VALUES (280, 200, '会员足迹', 'shop/footprint.html', NULL, 1, 'fa fa-history', 6, 0);
INSERT INTO `sys_menu` VALUES (281, 280, '查看', NULL, 'footprint:list,footprint:info', 2, NULL, 6, 0);
INSERT INTO `sys_menu` VALUES (282, 280, '删除', NULL, 'footprint:delete', 2, NULL, 6, 0);
INSERT INTO `sys_menu` VALUES (283, 200, '搜索历史', 'shop/searchhistory.html', NULL, 1, 'fa fa-search', 6, 0);
INSERT INTO `sys_menu` VALUES (284, 283, '查看', NULL, 'searchhistory:list,searchhistory:info', 2, NULL, 6, 0);
INSERT INTO `sys_menu` VALUES (285, 283, '删除', NULL, 'searchhistory:delete', 2, NULL, 6, 0);
INSERT INTO `sys_menu` VALUES (286, 200, '购物车', 'shop/cart.html', NULL, 1, 'fa fa-shopping-cart', 6, 0);
INSERT INTO `sys_menu` VALUES (287, 286, '查看', NULL, 'cart:list,cart:info', 2, NULL, 6, 0);
INSERT INTO `sys_menu` VALUES (288, 286, '删除', NULL, 'cart:delete', 2, NULL, 6, 0);
INSERT INTO `sys_menu` VALUES (289, 357, '所有商品', 'shop/goods.html', NULL, 1, 'fa fa-shopping-bag', 1, 0);
INSERT INTO `sys_menu` VALUES (290, 289, '查看', NULL, 'goods:list,goods:info', 2, NULL, 6, 0);
INSERT INTO `sys_menu` VALUES (291, 289, '新增', NULL, 'goods:save', 2, NULL, 6, 0);
INSERT INTO `sys_menu` VALUES (292, 289, '修改', NULL, 'goods:update', 2, NULL, 6, 0);
INSERT INTO `sys_menu` VALUES (293, 289, '删除', NULL, 'goods:delete', 2, NULL, 6, 0);
INSERT INTO `sys_menu` VALUES (294, 374, '所有管理', 'shop/order.html', NULL, 1, 'fa fa-sitemap', 6, 0);
INSERT INTO `sys_menu` VALUES (295, 294, '查看', NULL, 'order:list,order:info', 2, NULL, 6, 0);
INSERT INTO `sys_menu` VALUES (296, 294, '发货', NULL, 'order:sendGoods', 2, NULL, 6, 0);
INSERT INTO `sys_menu` VALUES (297, 222, '商品类型', 'shop/category.html', NULL, 1, 'fa fa-ship', 3, 0);
INSERT INTO `sys_menu` VALUES (298, 297, '查看', NULL, 'category:list,category:info', 2, NULL, 6, 0);
INSERT INTO `sys_menu` VALUES (299, 297, '新增', NULL, 'category:save', 2, NULL, 6, 0);
INSERT INTO `sys_menu` VALUES (300, 297, '修改', NULL, 'category:update', 2, NULL, 6, 0);
INSERT INTO `sys_menu` VALUES (301, 297, '删除', NULL, 'category:delete', 2, NULL, 6, 0);
INSERT INTO `sys_menu` VALUES (302, 1, '通用字典表', 'sys/macro.html', NULL, 1, 'fa fa-book', 6, 0);
INSERT INTO `sys_menu` VALUES (303, 302, '查看', NULL, 'sys:macro:list,sys:macro:info', 2, NULL, 6, 0);
INSERT INTO `sys_menu` VALUES (304, 302, '新增', NULL, 'sys:macro:save', 2, NULL, 6, 0);
INSERT INTO `sys_menu` VALUES (305, 302, '修改', NULL, 'sys:macro:update', 2, NULL, 6, 0);
INSERT INTO `sys_menu` VALUES (306, 302, '删除', NULL, 'sys:macro:delete', 2, NULL, 6, 0);
INSERT INTO `sys_menu` VALUES (307, 222, '渠道管理', 'shop/channel.html', NULL, 1, 'fa fa-road', 2, 1);
INSERT INTO `sys_menu` VALUES (308, 307, '查看', NULL, 'channel:list,channel:info', 2, NULL, 6, 0);
INSERT INTO `sys_menu` VALUES (309, 307, '新增', NULL, 'channel:save', 2, NULL, 6, 0);
INSERT INTO `sys_menu` VALUES (310, 307, '修改', NULL, 'channel:update', 2, NULL, 6, 0);
INSERT INTO `sys_menu` VALUES (311, 307, '删除', NULL, 'channel:delete', 2, NULL, 6, 0);
INSERT INTO `sys_menu` VALUES (312, 0, '微信公众号', NULL, NULL, 0, 'fa fa-weixin', 6, 1);
INSERT INTO `sys_menu` VALUES (313, 0, '进销存', NULL, NULL, 0, 'fa fa-truck', 6, 1);
INSERT INTO `sys_menu` VALUES (314, 0, '统计报表', NULL, NULL, 0, 'fa fa-line-chart', 7, 0);
INSERT INTO `sys_menu` VALUES (315, 222, '商品问答', 'shop/goodsissue.html', NULL, 1, 'fa fa-question-circle-o', 6, 0);
INSERT INTO `sys_menu` VALUES (316, 315, '查看', NULL, 'goodsissue:list,goodsissue:info', 2, NULL, 6, 0);
INSERT INTO `sys_menu` VALUES (317, 315, '新增', NULL, 'goodsissue:save', 2, NULL, 6, 0);
INSERT INTO `sys_menu` VALUES (318, 315, '修改', NULL, 'goodsissue:update', 2, NULL, 6, 0);
INSERT INTO `sys_menu` VALUES (319, 315, '删除', NULL, 'goodsissue:delete', 2, NULL, 6, 0);
INSERT INTO `sys_menu` VALUES (325, 222, '反馈', 'shop/feedback.html', NULL, 1, 'fa fa-mail-reply-all', 6, 0);
INSERT INTO `sys_menu` VALUES (326, 325, '查看', NULL, 'feedback:list,feedback:info', 2, NULL, 6, 0);
INSERT INTO `sys_menu` VALUES (327, 325, '新增', NULL, 'feedback:save', 2, NULL, 6, 0);
INSERT INTO `sys_menu` VALUES (328, 325, '修改', NULL, 'feedback:update', 2, NULL, 6, 0);
INSERT INTO `sys_menu` VALUES (329, 325, '删除', NULL, 'feedback:delete', 2, NULL, 6, 0);
INSERT INTO `sys_menu` VALUES (330, 244, '发放', NULL, 'coupon:publish', 2, NULL, 4, 0);
INSERT INTO `sys_menu` VALUES (331, 222, '关键词', 'shop/keywords.html', NULL, 1, 'fa fa-underline', 6, 0);
INSERT INTO `sys_menu` VALUES (332, 331, '查看', NULL, 'keywords:list,keywords:info', 2, NULL, 6, 0);
INSERT INTO `sys_menu` VALUES (333, 331, '新增', NULL, 'keywords:save', 2, NULL, 6, 0);
INSERT INTO `sys_menu` VALUES (334, 331, '修改', NULL, 'keywords:update', 2, NULL, 6, 0);
INSERT INTO `sys_menu` VALUES (335, 331, '删除', NULL, 'keywords:delete', 2, NULL, 6, 0);
INSERT INTO `sys_menu` VALUES (336, 357, '用户评论', 'shop/comment.html', NULL, 1, 'fa fa-commenting', 6, 0);
INSERT INTO `sys_menu` VALUES (337, 336, '查看', NULL, 'comment:list,comment:info', 2, NULL, 6, 0);
INSERT INTO `sys_menu` VALUES (338, 336, '新增', NULL, 'comment:save', 2, NULL, 6, 0);
INSERT INTO `sys_menu` VALUES (339, 336, '修改', NULL, 'comment:update', 2, NULL, 6, 0);
INSERT INTO `sys_menu` VALUES (340, 336, '删除', NULL, 'comment:delete', 2, NULL, 6, 0);
INSERT INTO `sys_menu` VALUES (341, 336, '修改状态', NULL, 'comment:toggleStatus', 2, NULL, 0, 0);
INSERT INTO `sys_menu` VALUES (342, 357, '产品设置', 'shop/product.html', NULL, 1, 'fa fa-paypal', 3, 0);
INSERT INTO `sys_menu` VALUES (343, 342, '查看', NULL, 'product:list,product:info', 2, NULL, 6, 0);
INSERT INTO `sys_menu` VALUES (344, 342, '新增', NULL, 'product:save', 2, NULL, 6, 0);
INSERT INTO `sys_menu` VALUES (345, 342, '修改', NULL, 'product:update', 2, NULL, 6, 0);
INSERT INTO `sys_menu` VALUES (346, 342, '删除', NULL, 'product:delete', 2, NULL, 6, 0);
INSERT INTO `sys_menu` VALUES (347, 357, '商品满减搭配', 'shop/goodscrash.html', NULL, 1, 'fa fa-venus-double', 4, 0);
INSERT INTO `sys_menu` VALUES (348, 347, '查看', NULL, 'goodscrash:list,goodscrash:info', 2, NULL, 6, 0);
INSERT INTO `sys_menu` VALUES (349, 347, '新增', NULL, 'goodscrash:save', 2, NULL, 6, 0);
INSERT INTO `sys_menu` VALUES (350, 347, '修改', NULL, 'goodscrash:update', 2, NULL, 6, 0);
INSERT INTO `sys_menu` VALUES (351, 347, '删除', NULL, 'goodscrash:delete', 2, NULL, 6, 0);
INSERT INTO `sys_menu` VALUES (352, 357, '商品规格', 'shop/goodsspecification.html', NULL, 1, 'fa fa-deafness', 2, 0);
INSERT INTO `sys_menu` VALUES (353, 352, '查看', NULL, 'goodsspecification:list,goodsspecification:info', 2, NULL, 6, 0);
INSERT INTO `sys_menu` VALUES (354, 352, '新增', NULL, 'goodsspecification:save', 2, NULL, 6, 0);
INSERT INTO `sys_menu` VALUES (355, 352, '修改', NULL, 'goodsspecification:update', 2, NULL, 6, 0);
INSERT INTO `sys_menu` VALUES (356, 352, '删除', NULL, 'goodsspecification:delete', 2, NULL, 6, 0);
INSERT INTO `sys_menu` VALUES (357, 0, '编辑商品', NULL, NULL, 0, 'fa fa-edit', 3, 0);
INSERT INTO `sys_menu` VALUES (358, 357, '商品回收站', 'shop/goodshistory.html', '', 1, 'fa fa-history', 12, 0);
INSERT INTO `sys_menu` VALUES (359, 358, '恢复', NULL, 'goods:back', 2, NULL, 0, 0);
INSERT INTO `sys_menu` VALUES (360, 294, '确认收货', NULL, 'order:confirm', 2, NULL, 0, 0);
INSERT INTO `sys_menu` VALUES (361, 357, '团购设置', 'shop/goodsgroup.html', NULL, 1, 'fa fa-group', 5, 0);
INSERT INTO `sys_menu` VALUES (362, 361, '查看', NULL, 'goodsgroup:list,goodsgroup:info', 2, NULL, 6, 0);
INSERT INTO `sys_menu` VALUES (363, 361, '新增', NULL, 'goodsgroup:save', 2, NULL, 6, 0);
INSERT INTO `sys_menu` VALUES (364, 361, '修改', NULL, 'goodsgroup:update', 2, NULL, 6, 0);
INSERT INTO `sys_menu` VALUES (365, 361, '删除', NULL, 'goodsgroup:delete', 2, NULL, 6, 0);
INSERT INTO `sys_menu` VALUES (366, 0, 'CMS模块', NULL, NULL, 0, 'fa fa-leanpub', 6, 1);
INSERT INTO `sys_menu` VALUES (367, 31, 'jsp页面测试', 'test/toTest', NULL, 1, NULL, 0, 0);
INSERT INTO `sys_menu` VALUES (368, 1, '部门管理', 'sys/dept.html', NULL, 1, 'fa fa-sitemap', 3, 0);
INSERT INTO `sys_menu` VALUES (369, 368, '查看', NULL, 'sys:dept:list,sys:dept:info', 2, NULL, 0, 0);
INSERT INTO `sys_menu` VALUES (370, 368, '新增', NULL, 'sys:dept:save', 2, NULL, 0, 0);
INSERT INTO `sys_menu` VALUES (371, 368, '修改', NULL, 'sys:dept:update', 2, NULL, 0, 0);
INSERT INTO `sys_menu` VALUES (372, 368, '删除', NULL, 'sys:dept:delete', 2, NULL, 0, 0);
INSERT INTO `sys_menu` VALUES (373, 368, '选择部门', NULL, 'sys:dept:select', 2, NULL, 0, 0);
INSERT INTO `sys_menu` VALUES (374, 0, '订单管理', NULL, NULL, 0, 'fa fa-first-order', 4, 0);
INSERT INTO `sys_menu` VALUES (375, 0, '短信平台', NULL, NULL, 0, 'fa fa-television', 9, 0);
INSERT INTO `sys_menu` VALUES (376, 375, '短信配置', 'sys/smslog.html', 'sys:smslog:list,sys:smslog:info', 1, 'fa fa-envelope-open', 1, 0);
INSERT INTO `sys_menu` VALUES (377, 1, '地区管理', 'sys/region.html', NULL, 1, 'fa fa-map-pin', 8, 0);
INSERT INTO `sys_menu` VALUES (378, 377, '删除', NULL, 'sys:region:delete', 2, NULL, 0, 0);
INSERT INTO `sys_menu` VALUES (379, 377, '修改', '', 'sys:region:update', 2, NULL, 0, 0);
INSERT INTO `sys_menu` VALUES (380, 377, '新增', NULL, 'sys:region:save', 2, NULL, 0, 0);
INSERT INTO `sys_menu` VALUES (381, 377, '查看', NULL, 'sys:region:list,sys:region:info', 2, NULL, 0, 0);
INSERT INTO `sys_menu` VALUES (382, 294, '订单进度更新', NULL, 'order:updateprogress', 2, NULL, 0, 0);


INSERT INTO `sys_oss` VALUES (5, 'http://imgph.kumanju.com/20180724/102304655d3e7.png', '2018-7-24 10:23:05');
INSERT INTO `sys_oss` VALUES (6, 'http://imgph.kumanju.com/20180724/10244645595af2.png', '2018-7-24 10:24:47');
INSERT INTO `sys_oss` VALUES (7, 'http://imgph.kumanju.com/20180724/10245410177f5.png', '2018-7-24 10:24:54');
INSERT INTO `sys_oss` VALUES (8, 'http://imgph.kumanju.com/20180724/103358610c75cd.png', '2018-7-24 10:33:59');
INSERT INTO `sys_oss` VALUES (9, 'http://imgph.kumanju.com/20180724/103404874036f3.png', '2018-7-24 10:34:09');
INSERT INTO `sys_oss` VALUES (10, 'http://imgph.kumanju.com/20180724/103427873ba02.png', '2018-7-24 10:34:33');
INSERT INTO `sys_oss` VALUES (11, 'http://imgph.kumanju.com/20180724/10350982617841.jpg', '2018-7-24 10:35:10');
INSERT INTO `sys_oss` VALUES (12, 'http://imgph.kumanju.com/20180724/10351110cfadf.png', '2018-7-24 10:35:11');
INSERT INTO `sys_oss` VALUES (13, 'http://imgph.kumanju.com/20180724/10351132834b91.jpg', '2018-7-24 10:35:13');
INSERT INTO `sys_oss` VALUES (14, 'http://imgph.kumanju.com/20180724/10351138786a84.png', '2018-7-24 10:35:13');
INSERT INTO `sys_oss` VALUES (15, 'http://imgph.kumanju.com/20180724/1035117400d1a1.png', '2018-7-24 10:35:13');
INSERT INTO `sys_oss` VALUES (16, 'http://imgph.kumanju.com/20180724/10354434223dff.png', '2018-7-24 10:35:44');
INSERT INTO `sys_oss` VALUES (17, 'http://imgph.kumanju.com/20180724/10355273c1bea.png', '2018-7-24 10:35:52');
INSERT INTO `sys_oss` VALUES (18, 'http://imgph.kumanju.com/20180724/10355866241324.jpg', '2018-7-24 10:35:59');
INSERT INTO `sys_oss` VALUES (19, 'http://imgph.kumanju.com/20180724/10360625885cdd.jpg', '2018-7-24 10:36:07');
INSERT INTO `sys_oss` VALUES (20, 'http://imgph.kumanju.com/20180724/103615136948a6.png', '2018-7-24 10:36:15');
INSERT INTO `sys_oss` VALUES (21, 'http://imgph.kumanju.com/20180724/104857734a9b91.png', '2018-7-24 10:49:03');
INSERT INTO `sys_oss` VALUES (22, 'http://imgph.kumanju.com/20180724/1050259360d402.png', '2018-7-24 10:50:26');
INSERT INTO `sys_oss` VALUES (23, 'http://imgph.kumanju.com/20180724/10515047eb0d2.png', '2018-7-24 10:51:50');
INSERT INTO `sys_oss` VALUES (24, 'http://imgph.kumanju.com/20180724/10523951984dde.png', '2018-7-24 10:52:39');
INSERT INTO `sys_oss` VALUES (25, 'http://imgph.kumanju.com/20180724/105310392ba286.png', '2018-7-24 10:53:10');
INSERT INTO `sys_oss` VALUES (26, 'http://imgph.kumanju.com/20180724/105350192f0aa.png', '2018-7-24 10:53:50');
INSERT INTO `sys_oss` VALUES (27, 'http://imgph.kumanju.com/20180724/105512618c789d.png', '2018-7-24 10:55:14');
INSERT INTO `sys_oss` VALUES (28, 'http://imgph.kumanju.com/20180724/10581145430d9.png', '2018-7-24 10:58:11');
INSERT INTO `sys_oss` VALUES (29, 'http://imgph.kumanju.com/20180724/105837647cecc7.png', '2018-7-24 10:58:38');
INSERT INTO `sys_oss` VALUES (30, 'http://imgph.kumanju.com/20180724/11020471465ff1.png', '2018-7-24 11:02:05');
INSERT INTO `sys_oss` VALUES (31, 'http://imgph.kumanju.com/20180724/1103189819c90d.jpg', '2018-7-24 11:03:19');
INSERT INTO `sys_oss` VALUES (32, 'http://imgph.kumanju.com/20180724/110435156d4099.png', '2018-7-24 11:04:36');
INSERT INTO `sys_oss` VALUES (33, 'http://imgph.kumanju.com/20180724/1105313168d79.png', '2018-7-24 11:05:33');
INSERT INTO `sys_oss` VALUES (34, 'http://imgph.kumanju.com/20180724/110546495ce13e.png', '2018-7-24 11:05:47');
INSERT INTO `sys_oss` VALUES (35, 'http://imgph.kumanju.com/20180724/110640516780af.jpg', '2018-7-24 11:06:40');
INSERT INTO `sys_oss` VALUES (36, 'http://imgph.kumanju.com/20180724/110649783638bf.jpg', '2018-7-24 11:06:50');
INSERT INTO `sys_oss` VALUES (37, 'http://imgph.kumanju.com/20180724/154411613ef5f1.png', '2018-7-24 15:44:12');
INSERT INTO `sys_oss` VALUES (39, 'http://imgph.kumanju.com/20180725/105617166284c2.jpg', '2018-7-25 10:56:17');
INSERT INTO `sys_oss` VALUES (40, 'http://imgph.kumanju.com/20180725/105629773039ae.jpg', '2018-7-25 10:56:30');
INSERT INTO `sys_oss` VALUES (41, 'http://imgph.kumanju.com/20180725/1058545377705f.jpg', '2018-7-25 10:58:54');
INSERT INTO `sys_oss` VALUES (42, 'http://imgph.kumanju.com/20180725/1059068301878d.jpg', '2018-7-25 10:59:07');
INSERT INTO `sys_oss` VALUES (43, 'http://imgph.kumanju.com/20180725/105955624d3349.jpg', '2018-7-25 10:59:55');
INSERT INTO `sys_oss` VALUES (44, 'http://imgph.kumanju.com/20180725/110004196b38ea.jpg', '2018-7-25 11:00:04');
INSERT INTO `sys_oss` VALUES (45, 'http://imgph.kumanju.com/20180725/1100335631a8e9.jpg', '2018-7-25 11:00:34');
INSERT INTO `sys_oss` VALUES (46, 'http://imgph.kumanju.com/20180725/14004015378d3c.jpg', '2018-7-25 14:00:40');
INSERT INTO `sys_oss` VALUES (47, 'http://imgph.kumanju.com/20180725/140157216bd137.png', '2018-7-25 14:01:57');
INSERT INTO `sys_oss` VALUES (48, 'http://imgph.kumanju.com/20180730/100657715eacf6.png', '2018-7-30 10:06:58');
INSERT INTO `sys_oss` VALUES (49, 'http://imgph.kumanju.com/20180730/1008445043f330.png', '2018-7-30 10:08:44');
INSERT INTO `sys_oss` VALUES (50, 'http://imgph.kumanju.com/20180730/1010219109a632.png', '2018-7-30 10:10:21');
INSERT INTO `sys_oss` VALUES (51, 'http://imgph.kumanju.com/20180730/101043947ec548.png', '2018-7-30 10:10:43');
INSERT INTO `sys_oss` VALUES (52, 'http://imgph.kumanju.com/20180730/101354679aaadb.png', '2018-7-30 10:13:55');
INSERT INTO `sys_oss` VALUES (53, 'http://imgph.kumanju.com/20180730/101844229cf136.png', '2018-7-30 10:18:44');
INSERT INTO `sys_oss` VALUES (54, 'http://imgph.kumanju.com/20180730/101947808ebe4a.png', '2018-7-30 10:19:48');
INSERT INTO `sys_oss` VALUES (55, 'http://imgph.kumanju.com/20180730/10203551599852.png', '2018-7-30 10:20:36');
INSERT INTO `sys_oss` VALUES (56, 'http://imgph.kumanju.com/20180730/10205978229130.png', '2018-7-30 10:21:00');

INSERT INTO `sys_role` VALUES (5, '超级管理员', '超级管理员', 1, '2017-9-18 00:40:15', 1);
INSERT INTO `sys_role` VALUES (6, '编辑', NULL, 1, '2018-7-24 11:25:43', 1);

INSERT INTO `sys_role_dept` VALUES (1, 6, 1);

INSERT INTO `sys_role_menu` VALUES (1, 6, 357);
INSERT INTO `sys_role_menu` VALUES (2, 6, 289);
INSERT INTO `sys_role_menu` VALUES (3, 6, 290);
INSERT INTO `sys_role_menu` VALUES (4, 6, 291);
INSERT INTO `sys_role_menu` VALUES (5, 6, 292);
INSERT INTO `sys_role_menu` VALUES (6, 6, 293);
INSERT INTO `sys_role_menu` VALUES (7, 6, 352);
INSERT INTO `sys_role_menu` VALUES (8, 6, 353);
INSERT INTO `sys_role_menu` VALUES (9, 6, 354);
INSERT INTO `sys_role_menu` VALUES (10, 6, 355);
INSERT INTO `sys_role_menu` VALUES (11, 6, 356);
INSERT INTO `sys_role_menu` VALUES (12, 6, 342);
INSERT INTO `sys_role_menu` VALUES (13, 6, 343);
INSERT INTO `sys_role_menu` VALUES (14, 6, 344);
INSERT INTO `sys_role_menu` VALUES (15, 6, 345);
INSERT INTO `sys_role_menu` VALUES (16, 6, 346);
INSERT INTO `sys_role_menu` VALUES (17, 6, 347);
INSERT INTO `sys_role_menu` VALUES (18, 6, 348);
INSERT INTO `sys_role_menu` VALUES (19, 6, 349);
INSERT INTO `sys_role_menu` VALUES (20, 6, 350);
INSERT INTO `sys_role_menu` VALUES (21, 6, 351);
INSERT INTO `sys_role_menu` VALUES (22, 6, 361);
INSERT INTO `sys_role_menu` VALUES (23, 6, 362);
INSERT INTO `sys_role_menu` VALUES (24, 6, 363);
INSERT INTO `sys_role_menu` VALUES (25, 6, 364);
INSERT INTO `sys_role_menu` VALUES (26, 6, 365);
INSERT INTO `sys_role_menu` VALUES (27, 6, 336);
INSERT INTO `sys_role_menu` VALUES (28, 6, 341);
INSERT INTO `sys_role_menu` VALUES (29, 6, 337);
INSERT INTO `sys_role_menu` VALUES (30, 6, 338);
INSERT INTO `sys_role_menu` VALUES (31, 6, 339);
INSERT INTO `sys_role_menu` VALUES (32, 6, 340);
INSERT INTO `sys_role_menu` VALUES (33, 6, 358);
INSERT INTO `sys_role_menu` VALUES (34, 6, 359);


INSERT INTO `sys_user` VALUES (1, 'admin', '3886424f028967fb09b38a8bdf4798fce84d5ee22e7d2995394862b96b23d637', '', '', 1, 1, '2018-1-1 11:11:11', 1);


INSERT INTO `tb_token` VALUES (24, 'whk1xe4qlfqukcwmo3v27n6y5q0xnzlw', '2018-7-30 22:23:17', '2018-7-30 10:23:17');
INSERT INTO `tb_token` VALUES (25, 'g7lte3c44har02s6jsq3p5odyr0eg6p2', '2018-7-28 02:01:39', '2018-7-27 14:01:39');
INSERT INTO `tb_token` VALUES (26, '80xyfej09ahfrmp34q5vwz2rqxjuca2i', '2018-7-25 02:23:43', '2018-7-24 14:23:43');
INSERT INTO `tb_token` VALUES (27, 'u4gojwllzbj9mdjgese281m6qlqtjk28', '2018-7-30 23:44:58', '2018-7-30 11:44:58');
INSERT INTO `tb_token` VALUES (28, 'u1pao628s2if5uzfgkl20demskmhf4tk', '2018-7-28 02:19:39', '2018-7-27 14:19:39');
INSERT INTO `tb_token` VALUES (29, 'mib3omxqh62540hpxkz0u6b7ccmd2khl', '2018-7-25 23:38:21', '2018-7-25 11:38:21');
INSERT INTO `tb_token` VALUES (30, 'mkauc8i8i1p38vl2uakj8zq9kl3js79u', '2018-7-27 01:48:47', '2018-7-26 13:48:47');


